,url,repository_url,labels_url,comments_url,events_url,html_url,id,node_id,number,title,user,labels,state,locked,assignee,assignees,milestone,comments,created_at,updated_at,closed_at,author_association,active_lock_reason,body,reactions,timeline_url,performed_via_github_app,draft,pull_request
0,https://api.github.com/repos/pandas-dev/pandas/issues/46291,https://api.github.com/repos/pandas-dev/pandas,https://api.github.com/repos/pandas-dev/pandas/issues/46291/labels{/name},https://api.github.com/repos/pandas-dev/pandas/issues/46291/comments,https://api.github.com/repos/pandas-dev/pandas/issues/46291/events,https://github.com/pandas-dev/pandas/issues/46291,1163494319,I_kwDOAA0YD85FWYOv,46291,ENH: Convert a string column of times (hour:min) to datetime without date,"{'login': 'Hadi2525', 'id': 23264077, 'node_id': 'MDQ6VXNlcjIzMjY0MDc3', 'avatar_url': 'https://avatars.githubusercontent.com/u/23264077?v=4', 'gravatar_id': '', 'url': 'https://api.github.com/users/Hadi2525', 'html_url': 'https://github.com/Hadi2525', 'followers_url': 'https://api.github.com/users/Hadi2525/followers', 'following_url': 'https://api.github.com/users/Hadi2525/following{/other_user}', 'gists_url': 'https://api.github.com/users/Hadi2525/gists{/gist_id}', 'starred_url': 'https://api.github.com/users/Hadi2525/starred{/owner}{/repo}', 'subscriptions_url': 'https://api.github.com/users/Hadi2525/subscriptions', 'organizations_url': 'https://api.github.com/users/Hadi2525/orgs', 'repos_url': 'https://api.github.com/users/Hadi2525/repos', 'events_url': 'https://api.github.com/users/Hadi2525/events{/privacy}', 'received_events_url': 'https://api.github.com/users/Hadi2525/received_events', 'type': 'User', 'site_admin': False}","[{'id': 76812, 'node_id': 'MDU6TGFiZWw3NjgxMg==', 'url': 'https://api.github.com/repos/pandas-dev/pandas/labels/Enhancement', 'name': 'Enhancement', 'color': '4E9A06', 'default': False, 'description': None}, {'id': 1954720290, 'node_id': 'MDU6TGFiZWwxOTU0NzIwMjkw', 'url': 'https://api.github.com/repos/pandas-dev/pandas/labels/Needs%20Triage', 'name': 'Needs Triage', 'color': '0052cc', 'default': False, 'description': 'Issue that has not been reviewed by a pandas team member'}]",open,False,,[],,0,2022-03-09T05:03:38Z,2022-03-09T05:03:38Z,,NONE,,"I have the following `df`:

```
import pandas as pd
df = pd.DataFrame(['12:53','13:00','13:11','14:45'],columns = 'Time')
df = pd.to_datetime(df, format = '%H:%M')
```
The output is:
```
>>> df
Time:
1900-01-01 12:53:00
1900-01-01 13:00:00
1900-01-01 13:11:00
1900-01-01 14:45:00
```

Is there a way to remove dates from rows in `df`? Perhaps, a method or attribute be added like `date = None`?

","{'url': 'https://api.github.com/repos/pandas-dev/pandas/issues/46291/reactions', 'total_count': 0, '+1': 0, '-1': 0, 'laugh': 0, 'hooray': 0, 'confused': 0, 'heart': 0, 'rocket': 0, 'eyes': 0}",https://api.github.com/repos/pandas-dev/pandas/issues/46291/timeline,,,
1,https://api.github.com/repos/pandas-dev/pandas/issues/46289,https://api.github.com/repos/pandas-dev/pandas,https://api.github.com/repos/pandas-dev/pandas/issues/46289/labels{/name},https://api.github.com/repos/pandas-dev/pandas/issues/46289/comments,https://api.github.com/repos/pandas-dev/pandas/issues/46289/events,https://github.com/pandas-dev/pandas/issues/46289,1163397224,I_kwDOAA0YD85FWAho,46289,BUG: bug appears when plotting dataframe with `styles` argument,"{'login': 'Freakwill', 'id': 30965609, 'node_id': 'MDQ6VXNlcjMwOTY1NjA5', 'avatar_url': 'https://avatars.githubusercontent.com/u/30965609?v=4', 'gravatar_id': '', 'url': 'https://api.github.com/users/Freakwill', 'html_url': 'https://github.com/Freakwill', 'followers_url': 'https://api.github.com/users/Freakwill/followers', 'following_url': 'https://api.github.com/users/Freakwill/following{/other_user}', 'gists_url': 'https://api.github.com/users/Freakwill/gists{/gist_id}', 'starred_url': 'https://api.github.com/users/Freakwill/starred{/owner}{/repo}', 'subscriptions_url': 'https://api.github.com/users/Freakwill/subscriptions', 'organizations_url': 'https://api.github.com/users/Freakwill/orgs', 'repos_url': 'https://api.github.com/users/Freakwill/repos', 'events_url': 'https://api.github.com/users/Freakwill/events{/privacy}', 'received_events_url': 'https://api.github.com/users/Freakwill/received_events', 'type': 'User', 'site_admin': False}","[{'id': 76811, 'node_id': 'MDU6TGFiZWw3NjgxMQ==', 'url': 'https://api.github.com/repos/pandas-dev/pandas/labels/Bug', 'name': 'Bug', 'color': 'e10c02', 'default': False, 'description': None}, {'id': 1954720290, 'node_id': 'MDU6TGFiZWwxOTU0NzIwMjkw', 'url': 'https://api.github.com/repos/pandas-dev/pandas/labels/Needs%20Triage', 'name': 'Needs Triage', 'color': '0052cc', 'default': False, 'description': 'Issue that has not been reviewed by a pandas team member'}]",open,False,,[],,0,2022-03-09T01:49:49Z,2022-03-09T01:50:23Z,,NONE,,"### Pandas version checks

- [X] I have checked that this issue has not already been reported.

- [X] I have confirmed this bug exists on the [latest version](https://pandas.pydata.org/docs/whatsnew/index.html) of pandas.

- [ ] I have confirmed this bug exists on the main branch of pandas.


### Reproducible Example

```python
import pandas as pd
data = pd.DataFrame(np.random.random(2,10), columns=('A','B'))
data.plot(styles=('--','-.'))
```


### Issue Description

When plotting dataframe with styles `data.plot(styles=('--','-.'))`, the yticks disappear. the styles are marked on the y-axis as tick labels.

### Expected Behavior

`data.plot(styles=('--','-.'))` should draw the line with the given styles.

### Installed Versions

<details>

The latest version

</details>
","{'url': 'https://api.github.com/repos/pandas-dev/pandas/issues/46289/reactions', 'total_count': 0, '+1': 0, '-1': 0, 'laugh': 0, 'hooray': 0, 'confused': 0, 'heart': 0, 'rocket': 0, 'eyes': 0}",https://api.github.com/repos/pandas-dev/pandas/issues/46289/timeline,,,
2,https://api.github.com/repos/pandas-dev/pandas/issues/46288,https://api.github.com/repos/pandas-dev/pandas,https://api.github.com/repos/pandas-dev/pandas/issues/46288/labels{/name},https://api.github.com/repos/pandas-dev/pandas/issues/46288/comments,https://api.github.com/repos/pandas-dev/pandas/issues/46288/events,https://github.com/pandas-dev/pandas/pull/46288,1163387980,PR_kwDOAA0YD840JNW2,46288,"PERF: MultiIndex.values for MI's with DatetimeIndex, TimedeltaIndex, or ExtensionDtype levels","{'login': 'lukemanley', 'id': 8519523, 'node_id': 'MDQ6VXNlcjg1MTk1MjM=', 'avatar_url': 'https://avatars.githubusercontent.com/u/8519523?v=4', 'gravatar_id': '', 'url': 'https://api.github.com/users/lukemanley', 'html_url': 'https://github.com/lukemanley', 'followers_url': 'https://api.github.com/users/lukemanley/followers', 'following_url': 'https://api.github.com/users/lukemanley/following{/other_user}', 'gists_url': 'https://api.github.com/users/lukemanley/gists{/gist_id}', 'starred_url': 'https://api.github.com/users/lukemanley/starred{/owner}{/repo}', 'subscriptions_url': 'https://api.github.com/users/lukemanley/subscriptions', 'organizations_url': 'https://api.github.com/users/lukemanley/orgs', 'repos_url': 'https://api.github.com/users/lukemanley/repos', 'events_url': 'https://api.github.com/users/lukemanley/events{/privacy}', 'received_events_url': 'https://api.github.com/users/lukemanley/received_events', 'type': 'User', 'site_admin': False}","[{'id': 8935311, 'node_id': 'MDU6TGFiZWw4OTM1MzEx', 'url': 'https://api.github.com/repos/pandas-dev/pandas/labels/Performance', 'name': 'Performance', 'color': 'a10c02', 'default': False, 'description': 'Memory or execution speed performance'}, {'id': 71268330, 'node_id': 'MDU6TGFiZWw3MTI2ODMzMA==', 'url': 'https://api.github.com/repos/pandas-dev/pandas/labels/MultiIndex', 'name': 'MultiIndex', 'color': '207de5', 'default': False, 'description': None}]",open,False,,[],,0,2022-03-09T01:31:35Z,2022-03-09T03:01:14Z,,MEMBER,,"- [x] [Tests added and passed](https://pandas.pydata.org/pandas-docs/dev/development/contributing_codebase.html#writing-tests) if fixing a bug or adding a new feature
- [x] All [code checks passed](https://pandas.pydata.org/pandas-docs/dev/development/contributing_codebase.html#pre-commit).
- [x] Added an entry in the latest `doc/source/whatsnew/v1.5.0.rst` file if fixing a bug or adding a new feature.


The change is to do the boxing of these types on the distinct level values and then call `.take` rather than calling `.take` and then having to box a potentially much larger array.

The impact is most pronounced when there is a large difference between the number of rows in the index and the number of unique values (e.g. dates) in a given level of the index. 

```
import pandas as pd
import numpy as np

mi = pd.MultiIndex.from_product(
    [ 
        pd.array(np.arange(10000), dtype=""Int64""),
        pd.date_range('2000-01-01', periods=1000),
    ]
)

%timeit mi.copy().values

6.63 s ± 212 ms per loop (mean ± std. dev. of 7 runs, 1 loop each)   <- main
775 ms ± 6.99 ms per loop (mean ± std. dev. of 7 runs, 1 loop each)  <- PR
```


Existing asvs:

```
$ asv continuous -f 1.1 upstream/main multiindex-values -b multiindex_object

       before           after         ratio
     <main>           <multiindex-values>
-        32.0±2ms       28.6±0.3ms     0.89  multiindex_object.Duplicated.time_duplicated
-         215±3ms          151±5ms     0.70  multiindex_object.SetOperations.time_operation('non_monotonic', 'datetime', 'intersection')
-       347±0.8ms          226±3ms     0.65  multiindex_object.SetOperations.time_operation('monotonic', 'datetime', 'intersection')
-         323±3ms          208±2ms     0.64  multiindex_object.SetOperations.time_operation('monotonic', 'datetime', 'union')
-         326±5ms          207±5ms     0.64  multiindex_object.SetOperations.time_operation('non_monotonic', 'datetime', 'union')
-         139±1ms         32.4±2ms     0.23  multiindex_object.SetOperations.time_operation('monotonic', 'datetime', 'symmetric_difference')
-         140±2ms       32.3±0.8ms     0.23  multiindex_object.SetOperations.time_operation('non_monotonic', 'datetime', 'symmetric_difference')
-        65.6±3ms       8.79±0.2ms     0.13  multiindex_object.Values.time_datetime_level_values_copy
```","{'url': 'https://api.github.com/repos/pandas-dev/pandas/issues/46288/reactions', 'total_count': 0, '+1': 0, '-1': 0, 'laugh': 0, 'hooray': 0, 'confused': 0, 'heart': 0, 'rocket': 0, 'eyes': 0}",https://api.github.com/repos/pandas-dev/pandas/issues/46288/timeline,,False,"{'url': 'https://api.github.com/repos/pandas-dev/pandas/pulls/46288', 'html_url': 'https://github.com/pandas-dev/pandas/pull/46288', 'diff_url': 'https://github.com/pandas-dev/pandas/pull/46288.diff', 'patch_url': 'https://github.com/pandas-dev/pandas/pull/46288.patch', 'merged_at': None}"
3,https://api.github.com/repos/pandas-dev/pandas/issues/46287,https://api.github.com/repos/pandas-dev/pandas,https://api.github.com/repos/pandas-dev/pandas/issues/46287/labels{/name},https://api.github.com/repos/pandas-dev/pandas/issues/46287/comments,https://api.github.com/repos/pandas-dev/pandas/issues/46287/events,https://github.com/pandas-dev/pandas/pull/46287,1163329444,PR_kwDOAA0YD840JBIp,46287,CLN: address xfails,"{'login': 'jbrockmendel', 'id': 8078968, 'node_id': 'MDQ6VXNlcjgwNzg5Njg=', 'avatar_url': 'https://avatars.githubusercontent.com/u/8078968?v=4', 'gravatar_id': '', 'url': 'https://api.github.com/users/jbrockmendel', 'html_url': 'https://github.com/jbrockmendel', 'followers_url': 'https://api.github.com/users/jbrockmendel/followers', 'following_url': 'https://api.github.com/users/jbrockmendel/following{/other_user}', 'gists_url': 'https://api.github.com/users/jbrockmendel/gists{/gist_id}', 'starred_url': 'https://api.github.com/users/jbrockmendel/starred{/owner}{/repo}', 'subscriptions_url': 'https://api.github.com/users/jbrockmendel/subscriptions', 'organizations_url': 'https://api.github.com/users/jbrockmendel/orgs', 'repos_url': 'https://api.github.com/users/jbrockmendel/repos', 'events_url': 'https://api.github.com/users/jbrockmendel/events{/privacy}', 'received_events_url': 'https://api.github.com/users/jbrockmendel/received_events', 'type': 'User', 'site_admin': False}",[],open,False,,[],,0,2022-03-08T23:47:18Z,2022-03-09T02:33:09Z,,MEMBER,,"- [ ] closes #xxxx (Replace xxxx with the Github issue number)
- [ ] [Tests added and passed](https://pandas.pydata.org/pandas-docs/dev/development/contributing_codebase.html#writing-tests) if fixing a bug or adding a new feature
- [ ] All [code checks passed](https://pandas.pydata.org/pandas-docs/dev/development/contributing_codebase.html#pre-commit).
- [ ] Added an entry in the latest `doc/source/whatsnew/vX.X.X.rst` file if fixing a bug or adding a new feature.
","{'url': 'https://api.github.com/repos/pandas-dev/pandas/issues/46287/reactions', 'total_count': 0, '+1': 0, '-1': 0, 'laugh': 0, 'hooray': 0, 'confused': 0, 'heart': 0, 'rocket': 0, 'eyes': 0}",https://api.github.com/repos/pandas-dev/pandas/issues/46287/timeline,,False,"{'url': 'https://api.github.com/repos/pandas-dev/pandas/pulls/46287', 'html_url': 'https://github.com/pandas-dev/pandas/pull/46287', 'diff_url': 'https://github.com/pandas-dev/pandas/pull/46287.diff', 'patch_url': 'https://github.com/pandas-dev/pandas/pull/46287.patch', 'merged_at': None}"
4,https://api.github.com/repos/pandas-dev/pandas/issues/46286,https://api.github.com/repos/pandas-dev/pandas,https://api.github.com/repos/pandas-dev/pandas/issues/46286/labels{/name},https://api.github.com/repos/pandas-dev/pandas/issues/46286/comments,https://api.github.com/repos/pandas-dev/pandas/issues/46286/events,https://github.com/pandas-dev/pandas/pull/46286,1163313768,PR_kwDOAA0YD840I9mo,46286,ENH: Add support for multiple conditions assign statement,"{'login': 'ELHoussineT', 'id': 20634657, 'node_id': 'MDQ6VXNlcjIwNjM0NjU3', 'avatar_url': 'https://avatars.githubusercontent.com/u/20634657?v=4', 'gravatar_id': '', 'url': 'https://api.github.com/users/ELHoussineT', 'html_url': 'https://github.com/ELHoussineT', 'followers_url': 'https://api.github.com/users/ELHoussineT/followers', 'following_url': 'https://api.github.com/users/ELHoussineT/following{/other_user}', 'gists_url': 'https://api.github.com/users/ELHoussineT/gists{/gist_id}', 'starred_url': 'https://api.github.com/users/ELHoussineT/starred{/owner}{/repo}', 'subscriptions_url': 'https://api.github.com/users/ELHoussineT/subscriptions', 'organizations_url': 'https://api.github.com/users/ELHoussineT/orgs', 'repos_url': 'https://api.github.com/users/ELHoussineT/repos', 'events_url': 'https://api.github.com/users/ELHoussineT/events{/privacy}', 'received_events_url': 'https://api.github.com/users/ELHoussineT/received_events', 'type': 'User', 'site_admin': False}",[],open,False,,[],,0,2022-03-08T23:34:37Z,2022-03-09T12:02:32Z,,NONE,,"- [x] closes #46285 
- [x] [Tests added and passed](https://pandas.pydata.org/pandas-docs/dev/development/contributing_codebase.html#writing-tests) if fixing a bug or adding a new feature
- [x] All [code checks passed](https://pandas.pydata.org/pandas-docs/dev/development/contributing_codebase.html#pre-commit).
- [x] Added an entry in the latest `doc/source/whatsnew/vX.X.X.rst` file if fixing a bug or adding a new feature.
","{'url': 'https://api.github.com/repos/pandas-dev/pandas/issues/46286/reactions', 'total_count': 0, '+1': 0, '-1': 0, 'laugh': 0, 'hooray': 0, 'confused': 0, 'heart': 0, 'rocket': 0, 'eyes': 0}",https://api.github.com/repos/pandas-dev/pandas/issues/46286/timeline,,False,"{'url': 'https://api.github.com/repos/pandas-dev/pandas/pulls/46286', 'html_url': 'https://github.com/pandas-dev/pandas/pull/46286', 'diff_url': 'https://github.com/pandas-dev/pandas/pull/46286.diff', 'patch_url': 'https://github.com/pandas-dev/pandas/pull/46286.patch', 'merged_at': None}"
5,https://api.github.com/repos/pandas-dev/pandas/issues/46285,https://api.github.com/repos/pandas-dev/pandas,https://api.github.com/repos/pandas-dev/pandas/issues/46285/labels{/name},https://api.github.com/repos/pandas-dev/pandas/issues/46285/comments,https://api.github.com/repos/pandas-dev/pandas/issues/46285/events,https://github.com/pandas-dev/pandas/issues/46285,1163286721,I_kwDOAA0YD85FVljB,46285,ENH: Add support for multiple conditions assign statement,"{'login': 'ELHoussineT', 'id': 20634657, 'node_id': 'MDQ6VXNlcjIwNjM0NjU3', 'avatar_url': 'https://avatars.githubusercontent.com/u/20634657?v=4', 'gravatar_id': '', 'url': 'https://api.github.com/users/ELHoussineT', 'html_url': 'https://github.com/ELHoussineT', 'followers_url': 'https://api.github.com/users/ELHoussineT/followers', 'following_url': 'https://api.github.com/users/ELHoussineT/following{/other_user}', 'gists_url': 'https://api.github.com/users/ELHoussineT/gists{/gist_id}', 'starred_url': 'https://api.github.com/users/ELHoussineT/starred{/owner}{/repo}', 'subscriptions_url': 'https://api.github.com/users/ELHoussineT/subscriptions', 'organizations_url': 'https://api.github.com/users/ELHoussineT/orgs', 'repos_url': 'https://api.github.com/users/ELHoussineT/repos', 'events_url': 'https://api.github.com/users/ELHoussineT/events{/privacy}', 'received_events_url': 'https://api.github.com/users/ELHoussineT/received_events', 'type': 'User', 'site_admin': False}","[{'id': 76812, 'node_id': 'MDU6TGFiZWw3NjgxMg==', 'url': 'https://api.github.com/repos/pandas-dev/pandas/labels/Enhancement', 'name': 'Enhancement', 'color': '4E9A06', 'default': False, 'description': None}, {'id': 1954720290, 'node_id': 'MDU6TGFiZWwxOTU0NzIwMjkw', 'url': 'https://api.github.com/repos/pandas-dev/pandas/labels/Needs%20Triage', 'name': 'Needs Triage', 'color': '0052cc', 'default': False, 'description': 'Issue that has not been reviewed by a pandas team member'}]",open,False,,[],,0,2022-03-08T23:18:08Z,2022-03-09T00:03:47Z,,NONE,,"#### Is your feature request related to a problem?

Assigning values to a column in a DataFrame based on different conditions for each value has been missing for a while; it is true that you can achieve this by using `np.select` and comprehensive lists but it is believed that this functionality is fundamental enough in data analysis that it should be covered by Pandas without the need for ""workarounds"". 

#### Describe the solution you'd like

Allow `DataFrame.assign` to accept multiple condition dict that contains the desired values to be assigned as keys and bool Series, array-like, or callable as values. If the value to the multiple condition dict is callable, it is computed on the DataFrame and should return boolean Series or array. Cases not covered will be assigned with `None`. This is based on`np.select`.

Example expected usage: 
```
>>> df = pd.DataFrame({'a': [1, 2, 3], 'b': [5, 4, 6]})
>>> df
   a  b
0  1  5
1  2  4
2  3  6
>>> df.assign(
...     new_column={
...         ""case 1"": lambda x: (x.a < 2) & (x.b == 5),
...         ""case 2"": lambda x: (x.a == 2) & (x.b < 5),
...         ""case 3"": lambda x: (x.a > 2) & (x.b > 5),
...     }
... )
   a  b new_column
0  1  5     case 1
1  2  4     case 2
2  3  6     case 3
```
#### API breaking implications

N/A

#### Describe alternatives you've considered

Just using `np.select` as follows: 

```
df = pd.DataFrame({'a': [1, 2, 3]})

multiple_conditions_dict = {
    ""less than 2"": lambda x: x < 2,
    ""equals 2"": lambda x: x == 2,
    ""bigger than 2"": lambda x: x > 2,
}

df.assign(
    a_status=np.select(
        [i(df) for i in multiple_conditions_dict.values()],
        multiple_conditions_dict.keys(),
    )
)
```

However, based on the community feedback in Stackoverflow and other platforms, the lack of ""out-of-the-box"" Pandas support for such a fundamental operation in data analysis can be cumbersome.


#### Additional context

N/A
","{'url': 'https://api.github.com/repos/pandas-dev/pandas/issues/46285/reactions', 'total_count': 0, '+1': 0, '-1': 0, 'laugh': 0, 'hooray': 0, 'confused': 0, 'heart': 0, 'rocket': 0, 'eyes': 0}",https://api.github.com/repos/pandas-dev/pandas/issues/46285/timeline,,,
6,https://api.github.com/repos/pandas-dev/pandas/issues/46284,https://api.github.com/repos/pandas-dev/pandas,https://api.github.com/repos/pandas-dev/pandas/issues/46284/labels{/name},https://api.github.com/repos/pandas-dev/pandas/issues/46284/comments,https://api.github.com/repos/pandas-dev/pandas/issues/46284/events,https://github.com/pandas-dev/pandas/pull/46284,1163247362,PR_kwDOAA0YD840IuM2,46284,TYP: annotation of __init__ return type (PEP 484) (pandas/io),"{'login': 'nafarya', 'id': 14360016, 'node_id': 'MDQ6VXNlcjE0MzYwMDE2', 'avatar_url': 'https://avatars.githubusercontent.com/u/14360016?v=4', 'gravatar_id': '', 'url': 'https://api.github.com/users/nafarya', 'html_url': 'https://github.com/nafarya', 'followers_url': 'https://api.github.com/users/nafarya/followers', 'following_url': 'https://api.github.com/users/nafarya/following{/other_user}', 'gists_url': 'https://api.github.com/users/nafarya/gists{/gist_id}', 'starred_url': 'https://api.github.com/users/nafarya/starred{/owner}{/repo}', 'subscriptions_url': 'https://api.github.com/users/nafarya/subscriptions', 'organizations_url': 'https://api.github.com/users/nafarya/orgs', 'repos_url': 'https://api.github.com/users/nafarya/repos', 'events_url': 'https://api.github.com/users/nafarya/events{/privacy}', 'received_events_url': 'https://api.github.com/users/nafarya/received_events', 'type': 'User', 'site_admin': False}",[],open,False,,[],,1,2022-03-08T22:55:16Z,2022-03-08T23:09:20Z,,NONE,,"- [ ] All [code checks passed](https://pandas.pydata.org/pandas-docs/dev/development/contributing_codebase.html#pre-commit).

According to [documentation](https://pandas.pydata.org/docs/dev/development/contributing_codebase.html#type-hints) pandas uses [PEP484](https://www.python.org/dev/peps/pep-0484/) for type hints.
PEP484 states that `__init__` function should have `-> None` return type annotation.
In this PR I added return type annotation to `__init__` functions in `pandas/io` module.
Thanks!
","{'url': 'https://api.github.com/repos/pandas-dev/pandas/issues/46284/reactions', 'total_count': 0, '+1': 0, '-1': 0, 'laugh': 0, 'hooray': 0, 'confused': 0, 'heart': 0, 'rocket': 0, 'eyes': 0}",https://api.github.com/repos/pandas-dev/pandas/issues/46284/timeline,,False,"{'url': 'https://api.github.com/repos/pandas-dev/pandas/pulls/46284', 'html_url': 'https://github.com/pandas-dev/pandas/pull/46284', 'diff_url': 'https://github.com/pandas-dev/pandas/pull/46284.diff', 'patch_url': 'https://github.com/pandas-dev/pandas/pull/46284.patch', 'merged_at': None}"
7,https://api.github.com/repos/pandas-dev/pandas/issues/46283,https://api.github.com/repos/pandas-dev/pandas,https://api.github.com/repos/pandas-dev/pandas/issues/46283/labels{/name},https://api.github.com/repos/pandas-dev/pandas/issues/46283/comments,https://api.github.com/repos/pandas-dev/pandas/issues/46283/events,https://github.com/pandas-dev/pandas/pull/46283,1163247157,PR_kwDOAA0YD840IuJ1,46283,TYP: annotation of __init__ return type (PEP 484) (pandas/plotting),"{'login': 'nafarya', 'id': 14360016, 'node_id': 'MDQ6VXNlcjE0MzYwMDE2', 'avatar_url': 'https://avatars.githubusercontent.com/u/14360016?v=4', 'gravatar_id': '', 'url': 'https://api.github.com/users/nafarya', 'html_url': 'https://github.com/nafarya', 'followers_url': 'https://api.github.com/users/nafarya/followers', 'following_url': 'https://api.github.com/users/nafarya/following{/other_user}', 'gists_url': 'https://api.github.com/users/nafarya/gists{/gist_id}', 'starred_url': 'https://api.github.com/users/nafarya/starred{/owner}{/repo}', 'subscriptions_url': 'https://api.github.com/users/nafarya/subscriptions', 'organizations_url': 'https://api.github.com/users/nafarya/orgs', 'repos_url': 'https://api.github.com/users/nafarya/repos', 'events_url': 'https://api.github.com/users/nafarya/events{/privacy}', 'received_events_url': 'https://api.github.com/users/nafarya/received_events', 'type': 'User', 'site_admin': False}",[],open,False,,[],,0,2022-03-08T22:55:09Z,2022-03-08T23:12:40Z,,NONE,,"- [ ] All [code checks passed](https://pandas.pydata.org/pandas-docs/dev/development/contributing_codebase.html#pre-commit).

According to [documentation](https://pandas.pydata.org/docs/dev/development/contributing_codebase.html#type-hints) pandas uses [PEP484](https://www.python.org/dev/peps/pep-0484/) for type hints.
PEP484 states that `__init__` function should have `-> None` return type annotation.
In this PR I added return type annotation to `__init__` functions in `pandas/plotting` module.
Thanks!
","{'url': 'https://api.github.com/repos/pandas-dev/pandas/issues/46283/reactions', 'total_count': 0, '+1': 0, '-1': 0, 'laugh': 0, 'hooray': 0, 'confused': 0, 'heart': 0, 'rocket': 0, 'eyes': 0}",https://api.github.com/repos/pandas-dev/pandas/issues/46283/timeline,,False,"{'url': 'https://api.github.com/repos/pandas-dev/pandas/pulls/46283', 'html_url': 'https://github.com/pandas-dev/pandas/pull/46283', 'diff_url': 'https://github.com/pandas-dev/pandas/pull/46283.diff', 'patch_url': 'https://github.com/pandas-dev/pandas/pull/46283.patch', 'merged_at': None}"
8,https://api.github.com/repos/pandas-dev/pandas/issues/46282,https://api.github.com/repos/pandas-dev/pandas,https://api.github.com/repos/pandas-dev/pandas/issues/46282/labels{/name},https://api.github.com/repos/pandas-dev/pandas/issues/46282/comments,https://api.github.com/repos/pandas-dev/pandas/issues/46282/events,https://github.com/pandas-dev/pandas/pull/46282,1163243548,PR_kwDOAA0YD840ItVV,46282,BUG: MaskedArray._quantile match non-nullable behavior,"{'login': 'jbrockmendel', 'id': 8078968, 'node_id': 'MDQ6VXNlcjgwNzg5Njg=', 'avatar_url': 'https://avatars.githubusercontent.com/u/8078968?v=4', 'gravatar_id': '', 'url': 'https://api.github.com/users/jbrockmendel', 'html_url': 'https://github.com/jbrockmendel', 'followers_url': 'https://api.github.com/users/jbrockmendel/followers', 'following_url': 'https://api.github.com/users/jbrockmendel/following{/other_user}', 'gists_url': 'https://api.github.com/users/jbrockmendel/gists{/gist_id}', 'starred_url': 'https://api.github.com/users/jbrockmendel/starred{/owner}{/repo}', 'subscriptions_url': 'https://api.github.com/users/jbrockmendel/subscriptions', 'organizations_url': 'https://api.github.com/users/jbrockmendel/orgs', 'repos_url': 'https://api.github.com/users/jbrockmendel/repos', 'events_url': 'https://api.github.com/users/jbrockmendel/events{/privacy}', 'received_events_url': 'https://api.github.com/users/jbrockmendel/received_events', 'type': 'User', 'site_admin': False}",[],open,False,,[],,1,2022-03-08T22:53:05Z,2022-03-09T06:32:04Z,,MEMBER,,"- [ ] closes #xxxx (Replace xxxx with the Github issue number)
- [ ] [Tests added and passed](https://pandas.pydata.org/pandas-docs/dev/development/contributing_codebase.html#writing-tests) if fixing a bug or adding a new feature
- [ ] All [code checks passed](https://pandas.pydata.org/pandas-docs/dev/development/contributing_codebase.html#pre-commit).
- [ ] Added an entry in the latest `doc/source/whatsnew/vX.X.X.rst` file if fixing a bug or adding a new feature.

Along with some refactors to 1) de-duplicate squeeze/unsqueeze logic and 2) avoid densifying Sparse

cc @attack68 the edits to the Styler tests are pure guess-and-check to keep the tests passing.  Can you confirm that they make sense?  Maybe suggest a more idiomatic way of expressing the conditions in which to pop?","{'url': 'https://api.github.com/repos/pandas-dev/pandas/issues/46282/reactions', 'total_count': 0, '+1': 0, '-1': 0, 'laugh': 0, 'hooray': 0, 'confused': 0, 'heart': 0, 'rocket': 0, 'eyes': 0}",https://api.github.com/repos/pandas-dev/pandas/issues/46282/timeline,,False,"{'url': 'https://api.github.com/repos/pandas-dev/pandas/pulls/46282', 'html_url': 'https://github.com/pandas-dev/pandas/pull/46282', 'diff_url': 'https://github.com/pandas-dev/pandas/pull/46282.diff', 'patch_url': 'https://github.com/pandas-dev/pandas/pull/46282.patch', 'merged_at': None}"
9,https://api.github.com/repos/pandas-dev/pandas/issues/46281,https://api.github.com/repos/pandas-dev/pandas,https://api.github.com/repos/pandas-dev/pandas/issues/46281/labels{/name},https://api.github.com/repos/pandas-dev/pandas/issues/46281/comments,https://api.github.com/repos/pandas-dev/pandas/issues/46281/events,https://github.com/pandas-dev/pandas/issues/46281,1163232999,I_kwDOAA0YD85FVYbn,46281,BUG: join does not always honor the `rsuffix` argument,"{'login': 'mlohbihler', 'id': 1182059, 'node_id': 'MDQ6VXNlcjExODIwNTk=', 'avatar_url': 'https://avatars.githubusercontent.com/u/1182059?v=4', 'gravatar_id': '', 'url': 'https://api.github.com/users/mlohbihler', 'html_url': 'https://github.com/mlohbihler', 'followers_url': 'https://api.github.com/users/mlohbihler/followers', 'following_url': 'https://api.github.com/users/mlohbihler/following{/other_user}', 'gists_url': 'https://api.github.com/users/mlohbihler/gists{/gist_id}', 'starred_url': 'https://api.github.com/users/mlohbihler/starred{/owner}{/repo}', 'subscriptions_url': 'https://api.github.com/users/mlohbihler/subscriptions', 'organizations_url': 'https://api.github.com/users/mlohbihler/orgs', 'repos_url': 'https://api.github.com/users/mlohbihler/repos', 'events_url': 'https://api.github.com/users/mlohbihler/events{/privacy}', 'received_events_url': 'https://api.github.com/users/mlohbihler/received_events', 'type': 'User', 'site_admin': False}","[{'id': 76811, 'node_id': 'MDU6TGFiZWw3NjgxMQ==', 'url': 'https://api.github.com/repos/pandas-dev/pandas/labels/Bug', 'name': 'Bug', 'color': 'e10c02', 'default': False, 'description': None}, {'id': 1954720290, 'node_id': 'MDU6TGFiZWwxOTU0NzIwMjkw', 'url': 'https://api.github.com/repos/pandas-dev/pandas/labels/Needs%20Triage', 'name': 'Needs Triage', 'color': '0052cc', 'default': False, 'description': 'Issue that has not been reviewed by a pandas team member'}]",open,False,,[],,0,2022-03-08T22:47:06Z,2022-03-08T22:47:38Z,,NONE,,"### Pandas version checks

- [X] I have checked that this issue has not already been reported.

- [X] I have confirmed this bug exists on the [latest version](https://pandas.pydata.org/docs/whatsnew/index.html) of pandas.

- [ ] I have confirmed this bug exists on the main branch of pandas.


### Reproducible Example

```python
>>> print(pd.__version__)
1.4.1
>>> 
>>> df1 = pd.DataFrame([[1], [2], [3]], index=['a', 'b', 'c'], columns=['val'])
>>> df2 = pd.DataFrame([[4], [5], [6]], index=['a', 'b', 'd'], columns=['val'])
>>> df3 = pd.DataFrame([[7], [8], [9]], index=['b', 'c', 'd'], columns=['val'])
>>> df4 = pd.DataFrame([[10], [11], [12]], index=['a', 'd', 'f'], columns=['val'])
>>> df5 = pd.DataFrame([[13], [14], [15]], index=['a', 'b', 'd'], columns=['val'])
>>> 
>>> df = (df1.join(df2, how='outer', lsuffix='_1', rsuffix='_2')
...       .join(df3, how='outer', rsuffix='_3')
...       .join(df4, how='outer', rsuffix='_4')
...       .join(df5, how='outer', rsuffix='_5')
...      )
>>> df
   val_1  val_2  val  val_4  val_5
a    1.0    4.0  NaN   10.0   13.0
b    2.0    5.0  7.0    NaN   14.0
c    3.0    NaN  8.0    NaN    NaN
d    NaN    6.0  9.0   11.0   15.0
f    NaN    NaN  NaN   12.0    NaN
>>>
```


### Issue Description

The third data frame join does not honor the given `rsuffix`. Note in the column names in the given example that they third column does not have a `_3` suffix.

The above was run on the following: `docker pull amancevice/pandas`

### Expected Behavior

All of the columns in the above example should have a `_<n>` suffix.

### Installed Versions

<details>

INSTALLED VERSIONS
------------------
commit           : 06d230151e6f18fdb8139d09abf539867a8cd481
python           : 3.9.10.final.0
python-bits      : 64
OS               : Linux
OS-release       : 5.10.47-linuxkit
Version          : #1 SMP Sat Jul 3 21:51:47 UTC 2021
machine          : x86_64
processor        : 
byteorder        : little
LC_ALL           : None
LANG             : C.UTF-8
LOCALE           : en_US.UTF-8

pandas           : 1.4.1
numpy            : 1.22.2
pytz             : 2021.3
dateutil         : 2.8.2
pip              : 21.2.4
setuptools       : 58.1.0
Cython           : None
pytest           : None
hypothesis       : None
sphinx           : None
blosc            : None
feather          : None
xlsxwriter       : None
lxml.etree       : None
html5lib         : None
pymysql          : None
psycopg2         : None
jinja2           : None
IPython          : None
pandas_datareader: None
bs4              : None
bottleneck       : None
fastparquet      : None
fsspec           : None
gcsfs            : None
matplotlib       : None
numba            : None
numexpr          : None
odfpy            : None
openpyxl         : None
pandas_gbq       : None
pyarrow          : None
pyreadstat       : None
pyxlsb           : None
s3fs             : None
scipy            : None
sqlalchemy       : None
tables           : None
tabulate         : None
xarray           : None
xlrd             : None
xlwt             : None
zstandard        : None
</details>
","{'url': 'https://api.github.com/repos/pandas-dev/pandas/issues/46281/reactions', 'total_count': 0, '+1': 0, '-1': 0, 'laugh': 0, 'hooray': 0, 'confused': 0, 'heart': 0, 'rocket': 0, 'eyes': 0}",https://api.github.com/repos/pandas-dev/pandas/issues/46281/timeline,,,
10,https://api.github.com/repos/pandas-dev/pandas/issues/46280,https://api.github.com/repos/pandas-dev/pandas,https://api.github.com/repos/pandas-dev/pandas/issues/46280/labels{/name},https://api.github.com/repos/pandas-dev/pandas/issues/46280/comments,https://api.github.com/repos/pandas-dev/pandas/issues/46280/events,https://github.com/pandas-dev/pandas/pull/46280,1163219277,PR_kwDOAA0YD840In4v,46280,TYP: annotation of __init__ return type (PEP 484) (misc modules),"{'login': 'EkaterinaKuzkina', 'id': 32567581, 'node_id': 'MDQ6VXNlcjMyNTY3NTgx', 'avatar_url': 'https://avatars.githubusercontent.com/u/32567581?v=4', 'gravatar_id': '', 'url': 'https://api.github.com/users/EkaterinaKuzkina', 'html_url': 'https://github.com/EkaterinaKuzkina', 'followers_url': 'https://api.github.com/users/EkaterinaKuzkina/followers', 'following_url': 'https://api.github.com/users/EkaterinaKuzkina/following{/other_user}', 'gists_url': 'https://api.github.com/users/EkaterinaKuzkina/gists{/gist_id}', 'starred_url': 'https://api.github.com/users/EkaterinaKuzkina/starred{/owner}{/repo}', 'subscriptions_url': 'https://api.github.com/users/EkaterinaKuzkina/subscriptions', 'organizations_url': 'https://api.github.com/users/EkaterinaKuzkina/orgs', 'repos_url': 'https://api.github.com/users/EkaterinaKuzkina/repos', 'events_url': 'https://api.github.com/users/EkaterinaKuzkina/events{/privacy}', 'received_events_url': 'https://api.github.com/users/EkaterinaKuzkina/received_events', 'type': 'User', 'site_admin': False}",[],open,False,,[],,0,2022-03-08T22:37:11Z,2022-03-09T09:06:32Z,,CONTRIBUTOR,,"- [ ] All [code checks passed](https://pandas.pydata.org/pandas-docs/dev/development/contributing_codebase.html#pre-commit).

According to [documentation](https://pandas.pydata.org/docs/dev/development/contributing_codebase.html#type-hints) pandas uses [PEP484](https://www.python.org/dev/peps/pep-0484/) for type hints.
PEP484 states that `__init__` function should have `-> None` return type annotation.
In this PR I added return type annotation to `__init__` functions in the following modules:
`doc`, `pandas/_config`, `pandas/_testing`, `pandas/compat`, `pandas/conftests`, `pandas/errors`, `pandas/tseries`, `scripts`","{'url': 'https://api.github.com/repos/pandas-dev/pandas/issues/46280/reactions', 'total_count': 0, '+1': 0, '-1': 0, 'laugh': 0, 'hooray': 0, 'confused': 0, 'heart': 0, 'rocket': 0, 'eyes': 0}",https://api.github.com/repos/pandas-dev/pandas/issues/46280/timeline,,False,"{'url': 'https://api.github.com/repos/pandas-dev/pandas/pulls/46280', 'html_url': 'https://github.com/pandas-dev/pandas/pull/46280', 'diff_url': 'https://github.com/pandas-dev/pandas/pull/46280.diff', 'patch_url': 'https://github.com/pandas-dev/pandas/pull/46280.patch', 'merged_at': None}"
11,https://api.github.com/repos/pandas-dev/pandas/issues/46279,https://api.github.com/repos/pandas-dev/pandas,https://api.github.com/repos/pandas-dev/pandas/issues/46279/labels{/name},https://api.github.com/repos/pandas-dev/pandas/issues/46279/comments,https://api.github.com/repos/pandas-dev/pandas/issues/46279/events,https://github.com/pandas-dev/pandas/pull/46279,1163209490,PR_kwDOAA0YD840Il0G,46279,TYP: annotation of __init__ return type (PEP 484) (pandas/core),"{'login': 'nafarya', 'id': 14360016, 'node_id': 'MDQ6VXNlcjE0MzYwMDE2', 'avatar_url': 'https://avatars.githubusercontent.com/u/14360016?v=4', 'gravatar_id': '', 'url': 'https://api.github.com/users/nafarya', 'html_url': 'https://github.com/nafarya', 'followers_url': 'https://api.github.com/users/nafarya/followers', 'following_url': 'https://api.github.com/users/nafarya/following{/other_user}', 'gists_url': 'https://api.github.com/users/nafarya/gists{/gist_id}', 'starred_url': 'https://api.github.com/users/nafarya/starred{/owner}{/repo}', 'subscriptions_url': 'https://api.github.com/users/nafarya/subscriptions', 'organizations_url': 'https://api.github.com/users/nafarya/orgs', 'repos_url': 'https://api.github.com/users/nafarya/repos', 'events_url': 'https://api.github.com/users/nafarya/events{/privacy}', 'received_events_url': 'https://api.github.com/users/nafarya/received_events', 'type': 'User', 'site_admin': False}",[],open,False,,[],,0,2022-03-08T22:27:10Z,2022-03-08T22:57:15Z,,NONE,,"- [ ] All [code checks passed](https://pandas.pydata.org/pandas-docs/dev/development/contributing_codebase.html#pre-commit).

According to [documentation](https://pandas.pydata.org/docs/dev/development/contributing_codebase.html#type-hints) pandas uses [PEP484](https://www.python.org/dev/peps/pep-0484/) for type hints.
PEP484 states that `__init__ `function should have `-> None` return type annotation.
In this PR I added return type annotation to `__init__` functions in `pandas/core` module.
Thanks!
","{'url': 'https://api.github.com/repos/pandas-dev/pandas/issues/46279/reactions', 'total_count': 0, '+1': 0, '-1': 0, 'laugh': 0, 'hooray': 0, 'confused': 0, 'heart': 0, 'rocket': 0, 'eyes': 0}",https://api.github.com/repos/pandas-dev/pandas/issues/46279/timeline,,False,"{'url': 'https://api.github.com/repos/pandas-dev/pandas/pulls/46279', 'html_url': 'https://github.com/pandas-dev/pandas/pull/46279', 'diff_url': 'https://github.com/pandas-dev/pandas/pull/46279.diff', 'patch_url': 'https://github.com/pandas-dev/pandas/pull/46279.patch', 'merged_at': None}"
12,https://api.github.com/repos/pandas-dev/pandas/issues/46278,https://api.github.com/repos/pandas-dev/pandas,https://api.github.com/repos/pandas-dev/pandas/issues/46278/labels{/name},https://api.github.com/repos/pandas-dev/pandas/issues/46278/comments,https://api.github.com/repos/pandas-dev/pandas/issues/46278/events,https://github.com/pandas-dev/pandas/pull/46278,1163199296,PR_kwDOAA0YD840Ijre,46278,TYP: annotation of __init__ return type (PEP 484) (pandas/tests),"{'login': 'EkaterinaKuzkina', 'id': 32567581, 'node_id': 'MDQ6VXNlcjMyNTY3NTgx', 'avatar_url': 'https://avatars.githubusercontent.com/u/32567581?v=4', 'gravatar_id': '', 'url': 'https://api.github.com/users/EkaterinaKuzkina', 'html_url': 'https://github.com/EkaterinaKuzkina', 'followers_url': 'https://api.github.com/users/EkaterinaKuzkina/followers', 'following_url': 'https://api.github.com/users/EkaterinaKuzkina/following{/other_user}', 'gists_url': 'https://api.github.com/users/EkaterinaKuzkina/gists{/gist_id}', 'starred_url': 'https://api.github.com/users/EkaterinaKuzkina/starred{/owner}{/repo}', 'subscriptions_url': 'https://api.github.com/users/EkaterinaKuzkina/subscriptions', 'organizations_url': 'https://api.github.com/users/EkaterinaKuzkina/orgs', 'repos_url': 'https://api.github.com/users/EkaterinaKuzkina/repos', 'events_url': 'https://api.github.com/users/EkaterinaKuzkina/events{/privacy}', 'received_events_url': 'https://api.github.com/users/EkaterinaKuzkina/received_events', 'type': 'User', 'site_admin': False}",[],open,False,,[],,0,2022-03-08T22:16:24Z,2022-03-09T09:07:34Z,,CONTRIBUTOR,,"- [ ] All [code checks passed](https://pandas.pydata.org/pandas-docs/dev/development/contributing_codebase.html#pre-commit).

According to [documentation](https://pandas.pydata.org/docs/dev/development/contributing_codebase.html#type-hints) pandas uses [PEP484](https://www.python.org/dev/peps/pep-0484/) for type hints.
PEP484 states that `__init__` function should have `-> None` return type annotation.
In this PR I added return type annotation to `__init__` functions in `pandas/tests` module
","{'url': 'https://api.github.com/repos/pandas-dev/pandas/issues/46278/reactions', 'total_count': 0, '+1': 0, '-1': 0, 'laugh': 0, 'hooray': 0, 'confused': 0, 'heart': 0, 'rocket': 0, 'eyes': 0}",https://api.github.com/repos/pandas-dev/pandas/issues/46278/timeline,,False,"{'url': 'https://api.github.com/repos/pandas-dev/pandas/pulls/46278', 'html_url': 'https://github.com/pandas-dev/pandas/pull/46278', 'diff_url': 'https://github.com/pandas-dev/pandas/pull/46278.diff', 'patch_url': 'https://github.com/pandas-dev/pandas/pull/46278.patch', 'merged_at': None}"
13,https://api.github.com/repos/pandas-dev/pandas/issues/46277,https://api.github.com/repos/pandas-dev/pandas,https://api.github.com/repos/pandas-dev/pandas/issues/46277/labels{/name},https://api.github.com/repos/pandas-dev/pandas/issues/46277/comments,https://api.github.com/repos/pandas-dev/pandas/issues/46277/events,https://github.com/pandas-dev/pandas/pull/46277,1163194661,PR_kwDOAA0YD840Iirq,46277,BLD: Upload sdist artifact from CI,"{'login': 'NickCrews', 'id': 10820686, 'node_id': 'MDQ6VXNlcjEwODIwNjg2', 'avatar_url': 'https://avatars.githubusercontent.com/u/10820686?v=4', 'gravatar_id': '', 'url': 'https://api.github.com/users/NickCrews', 'html_url': 'https://github.com/NickCrews', 'followers_url': 'https://api.github.com/users/NickCrews/followers', 'following_url': 'https://api.github.com/users/NickCrews/following{/other_user}', 'gists_url': 'https://api.github.com/users/NickCrews/gists{/gist_id}', 'starred_url': 'https://api.github.com/users/NickCrews/starred{/owner}{/repo}', 'subscriptions_url': 'https://api.github.com/users/NickCrews/subscriptions', 'organizations_url': 'https://api.github.com/users/NickCrews/orgs', 'repos_url': 'https://api.github.com/users/NickCrews/repos', 'events_url': 'https://api.github.com/users/NickCrews/events{/privacy}', 'received_events_url': 'https://api.github.com/users/NickCrews/received_events', 'type': 'User', 'site_admin': False}","[{'id': 129350, 'node_id': 'MDU6TGFiZWwxMjkzNTA=', 'url': 'https://api.github.com/repos/pandas-dev/pandas/labels/Build', 'name': 'Build', 'color': '75507B', 'default': False, 'description': 'Library building on various platforms'}]",open,False,,[],"{'url': 'https://api.github.com/repos/pandas-dev/pandas/milestones/92', 'html_url': 'https://github.com/pandas-dev/pandas/milestone/92', 'labels_url': 'https://api.github.com/repos/pandas-dev/pandas/milestones/92/labels', 'id': 7530006, 'node_id': 'MI_kwDOAA0YD84AcuYW', 'number': 92, 'title': '1.5', 'description': '', 'creator': {'login': 'jreback', 'id': 953992, 'node_id': 'MDQ6VXNlcjk1Mzk5Mg==', 'avatar_url': 'https://avatars.githubusercontent.com/u/953992?v=4', 'gravatar_id': '', 'url': 'https://api.github.com/users/jreback', 'html_url': 'https://github.com/jreback', 'followers_url': 'https://api.github.com/users/jreback/followers', 'following_url': 'https://api.github.com/users/jreback/following{/other_user}', 'gists_url': 'https://api.github.com/users/jreback/gists{/gist_id}', 'starred_url': 'https://api.github.com/users/jreback/starred{/owner}{/repo}', 'subscriptions_url': 'https://api.github.com/users/jreback/subscriptions', 'organizations_url': 'https://api.github.com/users/jreback/orgs', 'repos_url': 'https://api.github.com/users/jreback/repos', 'events_url': 'https://api.github.com/users/jreback/events{/privacy}', 'received_events_url': 'https://api.github.com/users/jreback/received_events', 'type': 'User', 'site_admin': False}, 'open_issues': 47, 'closed_issues': 468, 'state': 'open', 'created_at': '2021-12-31T21:51:13Z', 'updated_at': '2022-03-09T02:19:36Z', 'due_on': '2022-06-30T07:00:00Z', 'closed_at': None}",2,2022-03-08T22:11:06Z,2022-03-09T02:19:36Z,,CONTRIBUTOR,,"Now it is possible to inspect the sdist that is built, to
see what was included and
for debugging.

Inspired by needing to see what was acutally included in the sdist at
https://github.com/pandas-dev/pandas/pull/46271

- [x] related to #46271 (Replace xxxx with the Github issue number)
- [x] [Tests added and passed](https://pandas.pydata.org/pandas-docs/dev/development/contributing_codebase.html#writing-tests) if fixing a bug or adding a new feature
- [x] All [code checks passed](https://pandas.pydata.org/pandas-docs/dev/development/contributing_codebase.html#pre-commit).
- [x] NA Added an entry in the latest `doc/source/whatsnew/vX.X.X.rst` file if fixing a bug or adding a new feature.

@fangchenli again. Thank you!","{'url': 'https://api.github.com/repos/pandas-dev/pandas/issues/46277/reactions', 'total_count': 0, '+1': 0, '-1': 0, 'laugh': 0, 'hooray': 0, 'confused': 0, 'heart': 0, 'rocket': 0, 'eyes': 0}",https://api.github.com/repos/pandas-dev/pandas/issues/46277/timeline,,False,"{'url': 'https://api.github.com/repos/pandas-dev/pandas/pulls/46277', 'html_url': 'https://github.com/pandas-dev/pandas/pull/46277', 'diff_url': 'https://github.com/pandas-dev/pandas/pull/46277.diff', 'patch_url': 'https://github.com/pandas-dev/pandas/pull/46277.patch', 'merged_at': None}"
14,https://api.github.com/repos/pandas-dev/pandas/issues/46276,https://api.github.com/repos/pandas-dev/pandas,https://api.github.com/repos/pandas-dev/pandas/issues/46276/labels{/name},https://api.github.com/repos/pandas-dev/pandas/issues/46276/comments,https://api.github.com/repos/pandas-dev/pandas/issues/46276/events,https://github.com/pandas-dev/pandas/pull/46276,1163192076,PR_kwDOAA0YD840IiHi,46276,TYP: annotation of __init__ return type (PEP 484) (pandas/utils),"{'login': 'nafarya', 'id': 14360016, 'node_id': 'MDQ6VXNlcjE0MzYwMDE2', 'avatar_url': 'https://avatars.githubusercontent.com/u/14360016?v=4', 'gravatar_id': '', 'url': 'https://api.github.com/users/nafarya', 'html_url': 'https://github.com/nafarya', 'followers_url': 'https://api.github.com/users/nafarya/followers', 'following_url': 'https://api.github.com/users/nafarya/following{/other_user}', 'gists_url': 'https://api.github.com/users/nafarya/gists{/gist_id}', 'starred_url': 'https://api.github.com/users/nafarya/starred{/owner}{/repo}', 'subscriptions_url': 'https://api.github.com/users/nafarya/subscriptions', 'organizations_url': 'https://api.github.com/users/nafarya/orgs', 'repos_url': 'https://api.github.com/users/nafarya/repos', 'events_url': 'https://api.github.com/users/nafarya/events{/privacy}', 'received_events_url': 'https://api.github.com/users/nafarya/received_events', 'type': 'User', 'site_admin': False}",[],open,False,,[],,3,2022-03-08T22:08:26Z,2022-03-09T00:41:54Z,,NONE,,"- [ ] All [code checks passed](https://pandas.pydata.org/pandas-docs/dev/development/contributing_codebase.html#pre-commit).

According to [documentation](https://pandas.pydata.org/docs/dev/development/contributing_codebase.html#type-hints) pandas uses [PEP484](https://www.python.org/dev/peps/pep-0484/) for type hints.
PEP484 states that `__init__` function should have `-> None` return type annotation.
In this PR I added return type annotation to `__init__` functions in `pandas/utils` module.
Thanks!
","{'url': 'https://api.github.com/repos/pandas-dev/pandas/issues/46276/reactions', 'total_count': 0, '+1': 0, '-1': 0, 'laugh': 0, 'hooray': 0, 'confused': 0, 'heart': 0, 'rocket': 0, 'eyes': 0}",https://api.github.com/repos/pandas-dev/pandas/issues/46276/timeline,,False,"{'url': 'https://api.github.com/repos/pandas-dev/pandas/pulls/46276', 'html_url': 'https://github.com/pandas-dev/pandas/pull/46276', 'diff_url': 'https://github.com/pandas-dev/pandas/pull/46276.diff', 'patch_url': 'https://github.com/pandas-dev/pandas/pull/46276.patch', 'merged_at': None}"
15,https://api.github.com/repos/pandas-dev/pandas/issues/46273,https://api.github.com/repos/pandas-dev/pandas,https://api.github.com/repos/pandas-dev/pandas/issues/46273/labels{/name},https://api.github.com/repos/pandas-dev/pandas/issues/46273/comments,https://api.github.com/repos/pandas-dev/pandas/issues/46273/events,https://github.com/pandas-dev/pandas/pull/46273,1163046628,PR_kwDOAA0YD840IDMJ,46273,TYP: expand acceptable types for pd.to_datetime(),"{'login': 'Dr-Irv', 'id': 15113894, 'node_id': 'MDQ6VXNlcjE1MTEzODk0', 'avatar_url': 'https://avatars.githubusercontent.com/u/15113894?v=4', 'gravatar_id': '', 'url': 'https://api.github.com/users/Dr-Irv', 'html_url': 'https://github.com/Dr-Irv', 'followers_url': 'https://api.github.com/users/Dr-Irv/followers', 'following_url': 'https://api.github.com/users/Dr-Irv/following{/other_user}', 'gists_url': 'https://api.github.com/users/Dr-Irv/gists{/gist_id}', 'starred_url': 'https://api.github.com/users/Dr-Irv/starred{/owner}{/repo}', 'subscriptions_url': 'https://api.github.com/users/Dr-Irv/subscriptions', 'organizations_url': 'https://api.github.com/users/Dr-Irv/orgs', 'repos_url': 'https://api.github.com/users/Dr-Irv/repos', 'events_url': 'https://api.github.com/users/Dr-Irv/events{/privacy}', 'received_events_url': 'https://api.github.com/users/Dr-Irv/received_events', 'type': 'User', 'site_admin': False}",[],open,False,,[],,0,2022-03-08T19:41:32Z,2022-03-09T03:21:08Z,,CONTRIBUTOR,,"We document that `pd.to_datetime()` can accept a `DataFrame` or ""dict-like"" as an argument, but the overloads did not specify that.  This PR adds that.  

In addition, there was no overload for `Index` or `ExtensionArray` as an input type that converts to `DatetimeIndex`

Also, changed the overload for `pd.to_datetime()` on a scalar to only return `Timestamp` to make user code easier to write.  E.g.,
```python
import pandas as pd
ts: pd.Timestamp = pd.to_datetime(""2022-03-05"")
```
with the current version where `pd.to_datetime()` can return `Timestamp | NaTType`, users would have to do a `cast` 
","{'url': 'https://api.github.com/repos/pandas-dev/pandas/issues/46273/reactions', 'total_count': 0, '+1': 0, '-1': 0, 'laugh': 0, 'hooray': 0, 'confused': 0, 'heart': 0, 'rocket': 0, 'eyes': 0}",https://api.github.com/repos/pandas-dev/pandas/issues/46273/timeline,,False,"{'url': 'https://api.github.com/repos/pandas-dev/pandas/pulls/46273', 'html_url': 'https://github.com/pandas-dev/pandas/pull/46273', 'diff_url': 'https://github.com/pandas-dev/pandas/pull/46273.diff', 'patch_url': 'https://github.com/pandas-dev/pandas/pull/46273.patch', 'merged_at': None}"
16,https://api.github.com/repos/pandas-dev/pandas/issues/46272,https://api.github.com/repos/pandas-dev/pandas,https://api.github.com/repos/pandas-dev/pandas/issues/46272/labels{/name},https://api.github.com/repos/pandas-dev/pandas/issues/46272/comments,https://api.github.com/repos/pandas-dev/pandas/issues/46272/events,https://github.com/pandas-dev/pandas/pull/46272,1163033569,PR_kwDOAA0YD840IAdB,46272,Correctly pass colLabels and rowLabels for plotting.table.,"{'login': 'd-vogel', 'id': 10901328, 'node_id': 'MDQ6VXNlcjEwOTAxMzI4', 'avatar_url': 'https://avatars.githubusercontent.com/u/10901328?v=4', 'gravatar_id': '', 'url': 'https://api.github.com/users/d-vogel', 'html_url': 'https://github.com/d-vogel', 'followers_url': 'https://api.github.com/users/d-vogel/followers', 'following_url': 'https://api.github.com/users/d-vogel/following{/other_user}', 'gists_url': 'https://api.github.com/users/d-vogel/gists{/gist_id}', 'starred_url': 'https://api.github.com/users/d-vogel/starred{/owner}{/repo}', 'subscriptions_url': 'https://api.github.com/users/d-vogel/subscriptions', 'organizations_url': 'https://api.github.com/users/d-vogel/orgs', 'repos_url': 'https://api.github.com/users/d-vogel/repos', 'events_url': 'https://api.github.com/users/d-vogel/events{/privacy}', 'received_events_url': 'https://api.github.com/users/d-vogel/received_events', 'type': 'User', 'site_admin': False}",[],open,False,,[],,0,2022-03-08T19:26:19Z,2022-03-08T19:44:27Z,,NONE,,"- [x] closes #37811 (Replace xxxx with the Github issue number)
- [ ] [Tests added and passed](https://pandas.pydata.org/pandas-docs/dev/development/contributing_codebase.html#writing-tests) if fixing a bug or adding a new feature
- [ ] All [code checks passed](https://pandas.pydata.org/pandas-docs/dev/development/contributing_codebase.html#pre-commit).
- [ ] Added an entry in the latest `doc/source/whatsnew/vX.X.X.rst` file if fixing a bug or adding a new feature.
","{'url': 'https://api.github.com/repos/pandas-dev/pandas/issues/46272/reactions', 'total_count': 0, '+1': 0, '-1': 0, 'laugh': 0, 'hooray': 0, 'confused': 0, 'heart': 0, 'rocket': 0, 'eyes': 0}",https://api.github.com/repos/pandas-dev/pandas/issues/46272/timeline,,False,"{'url': 'https://api.github.com/repos/pandas-dev/pandas/pulls/46272', 'html_url': 'https://github.com/pandas-dev/pandas/pull/46272', 'diff_url': 'https://github.com/pandas-dev/pandas/pull/46272.diff', 'patch_url': 'https://github.com/pandas-dev/pandas/pull/46272.patch', 'merged_at': None}"
17,https://api.github.com/repos/pandas-dev/pandas/issues/46271,https://api.github.com/repos/pandas-dev/pandas,https://api.github.com/repos/pandas-dev/pandas/issues/46271/labels{/name},https://api.github.com/repos/pandas-dev/pandas/issues/46271/comments,https://api.github.com/repos/pandas-dev/pandas/issues/46271/events,https://github.com/pandas-dev/pandas/pull/46271,1163030858,PR_kwDOAA0YD840H_4G,46271,BLD: drop `options.package_data` from setup.cfg,"{'login': 'NickCrews', 'id': 10820686, 'node_id': 'MDQ6VXNlcjEwODIwNjg2', 'avatar_url': 'https://avatars.githubusercontent.com/u/10820686?v=4', 'gravatar_id': '', 'url': 'https://api.github.com/users/NickCrews', 'html_url': 'https://github.com/NickCrews', 'followers_url': 'https://api.github.com/users/NickCrews/followers', 'following_url': 'https://api.github.com/users/NickCrews/following{/other_user}', 'gists_url': 'https://api.github.com/users/NickCrews/gists{/gist_id}', 'starred_url': 'https://api.github.com/users/NickCrews/starred{/owner}{/repo}', 'subscriptions_url': 'https://api.github.com/users/NickCrews/subscriptions', 'organizations_url': 'https://api.github.com/users/NickCrews/orgs', 'repos_url': 'https://api.github.com/users/NickCrews/repos', 'events_url': 'https://api.github.com/users/NickCrews/events{/privacy}', 'received_events_url': 'https://api.github.com/users/NickCrews/received_events', 'type': 'User', 'site_admin': False}","[{'id': 129350, 'node_id': 'MDU6TGFiZWwxMjkzNTA=', 'url': 'https://api.github.com/repos/pandas-dev/pandas/labels/Build', 'name': 'Build', 'color': '75507B', 'default': False, 'description': 'Library building on various platforms'}]",open,False,,[],,3,2022-03-08T19:23:08Z,2022-03-08T23:06:26Z,,CONTRIBUTOR,,"- [x] closes #46270
- [ ] [Tests added and passed](https://pandas.pydata.org/pandas-docs/dev/development/contributing_codebase.html#writing-tests) if fixing a bug or adding a new feature
- [ ] All [code checks passed](https://pandas.pydata.org/pandas-docs/dev/development/contributing_codebase.html#pre-commit).
- [x] N/A Added an entry in the latest `doc/source/whatsnew/vX.X.X.rst` file if fixing a bug or adding a new feature.

@fangchenli it looks like you have a lot of history here","{'url': 'https://api.github.com/repos/pandas-dev/pandas/issues/46271/reactions', 'total_count': 0, '+1': 0, '-1': 0, 'laugh': 0, 'hooray': 0, 'confused': 0, 'heart': 0, 'rocket': 0, 'eyes': 0}",https://api.github.com/repos/pandas-dev/pandas/issues/46271/timeline,,False,"{'url': 'https://api.github.com/repos/pandas-dev/pandas/pulls/46271', 'html_url': 'https://github.com/pandas-dev/pandas/pull/46271', 'diff_url': 'https://github.com/pandas-dev/pandas/pull/46271.diff', 'patch_url': 'https://github.com/pandas-dev/pandas/pull/46271.patch', 'merged_at': None}"
18,https://api.github.com/repos/pandas-dev/pandas/issues/46270,https://api.github.com/repos/pandas-dev/pandas,https://api.github.com/repos/pandas-dev/pandas/issues/46270/labels{/name},https://api.github.com/repos/pandas-dev/pandas/issues/46270/comments,https://api.github.com/repos/pandas-dev/pandas/issues/46270/events,https://github.com/pandas-dev/pandas/issues/46270,1163027488,I_kwDOAA0YD85FUmQg,46270,BLD: Remove `options.package_data` from setup.cfg,"{'login': 'NickCrews', 'id': 10820686, 'node_id': 'MDQ6VXNlcjEwODIwNjg2', 'avatar_url': 'https://avatars.githubusercontent.com/u/10820686?v=4', 'gravatar_id': '', 'url': 'https://api.github.com/users/NickCrews', 'html_url': 'https://github.com/NickCrews', 'followers_url': 'https://api.github.com/users/NickCrews/followers', 'following_url': 'https://api.github.com/users/NickCrews/following{/other_user}', 'gists_url': 'https://api.github.com/users/NickCrews/gists{/gist_id}', 'starred_url': 'https://api.github.com/users/NickCrews/starred{/owner}{/repo}', 'subscriptions_url': 'https://api.github.com/users/NickCrews/subscriptions', 'organizations_url': 'https://api.github.com/users/NickCrews/orgs', 'repos_url': 'https://api.github.com/users/NickCrews/repos', 'events_url': 'https://api.github.com/users/NickCrews/events{/privacy}', 'received_events_url': 'https://api.github.com/users/NickCrews/received_events', 'type': 'User', 'site_admin': False}","[{'id': 129350, 'node_id': 'MDU6TGFiZWwxMjkzNTA=', 'url': 'https://api.github.com/repos/pandas-dev/pandas/labels/Build', 'name': 'Build', 'color': '75507B', 'default': False, 'description': 'Library building on various platforms'}]",open,False,,[],,0,2022-03-08T19:19:49Z,2022-03-08T19:57:18Z,,CONTRIBUTOR,,"Hello! Not sure if this is actually what we want, but I think this can simplify things.

Currently, we include data files in builds in 3 ways:
1. Listing them in MANIFEST.in
2. Listing them under `options.package_data` in setup.cfg
3. Setting `include_package_data = True` in setup.cfg

I believe that it is possible (and therefore desirable, as it is more DRY and less spread out) to migrate everything in number 2 to number 1, and still have the same behavior.

This is per both https://setuptools.pypa.io/en/latest/userguide/datafiles.html and from experiments in https://github.com/abravalheri/experiment-setuptools-package-data, where it is shown that if you have `include_package_data = True`, then MANIFEST.in is sufficient, you don't need `options.package_data`, both for sdists and wheels.

It looks like `include_package_data = True` quietly snuck during https://github.com/pandas-dev/pandas/pull/38852. Before this, I think the package_data was needed, but now it is not.

A small local test I think showed this to be true, but I might have messed it up so not sure. Probably artifacts from CI would tell the story.

@fangchenli I think you might be the one to look at this? Thank you! See the attached PR","{'url': 'https://api.github.com/repos/pandas-dev/pandas/issues/46270/reactions', 'total_count': 0, '+1': 0, '-1': 0, 'laugh': 0, 'hooray': 0, 'confused': 0, 'heart': 0, 'rocket': 0, 'eyes': 0}",https://api.github.com/repos/pandas-dev/pandas/issues/46270/timeline,,,
19,https://api.github.com/repos/pandas-dev/pandas/issues/46269,https://api.github.com/repos/pandas-dev/pandas,https://api.github.com/repos/pandas-dev/pandas/issues/46269/labels{/name},https://api.github.com/repos/pandas-dev/pandas/issues/46269/comments,https://api.github.com/repos/pandas-dev/pandas/issues/46269/events,https://github.com/pandas-dev/pandas/issues/46269,1162950090,I_kwDOAA0YD85FUTXK,46269,"ENH: to_clipboard(as=""html"" | ""markdown"" | ""latex"" | ...)","{'login': 'janosh', 'id': 30958850, 'node_id': 'MDQ6VXNlcjMwOTU4ODUw', 'avatar_url': 'https://avatars.githubusercontent.com/u/30958850?v=4', 'gravatar_id': '', 'url': 'https://api.github.com/users/janosh', 'html_url': 'https://github.com/janosh', 'followers_url': 'https://api.github.com/users/janosh/followers', 'following_url': 'https://api.github.com/users/janosh/following{/other_user}', 'gists_url': 'https://api.github.com/users/janosh/gists{/gist_id}', 'starred_url': 'https://api.github.com/users/janosh/starred{/owner}{/repo}', 'subscriptions_url': 'https://api.github.com/users/janosh/subscriptions', 'organizations_url': 'https://api.github.com/users/janosh/orgs', 'repos_url': 'https://api.github.com/users/janosh/repos', 'events_url': 'https://api.github.com/users/janosh/events{/privacy}', 'received_events_url': 'https://api.github.com/users/janosh/received_events', 'type': 'User', 'site_admin': False}","[{'id': 76812, 'node_id': 'MDU6TGFiZWw3NjgxMg==', 'url': 'https://api.github.com/repos/pandas-dev/pandas/labels/Enhancement', 'name': 'Enhancement', 'color': '4E9A06', 'default': False, 'description': None}, {'id': 1954720290, 'node_id': 'MDU6TGFiZWwxOTU0NzIwMjkw', 'url': 'https://api.github.com/repos/pandas-dev/pandas/labels/Needs%20Triage', 'name': 'Needs Triage', 'color': '0052cc', 'default': False, 'description': 'Issue that has not been reviewed by a pandas team member'}]",open,False,,[],,4,2022-03-08T17:51:58Z,2022-03-09T07:07:20Z,,CONTRIBUTOR,,"#### Is your feature request related to a problem?

When writing papers, it's often useful to be able to copy dataframes into documents as Markdown, HTML or LaTeX.

#### Describe the solution you'd like

Allow more formats besides `excel: bool` in [`DataFrame.to_clipboard()`](https://pandas.pydata.org/docs/reference/api/pandas.DataFrame.to_clipboard.html). For example, a new keyword `as`:

```py
df.to_clipboard(as=""html"" | ""markdown"" | ""latex"" | ...)
```

#### API breaking implications

Pure extension unless `excel` keyword of `to_clipboard()` was removed in favor of `as`.

#### Describe alternatives you've considered

The other option would be allowing the `buf` argument of `df.to_(html|markdown|latex|...)` to take the string `""clipboard""`: 

```py
df.to_markdown(buf=""clipboard"")
```
","{'url': 'https://api.github.com/repos/pandas-dev/pandas/issues/46269/reactions', 'total_count': 0, '+1': 0, '-1': 0, 'laugh': 0, 'hooray': 0, 'confused': 0, 'heart': 0, 'rocket': 0, 'eyes': 0}",https://api.github.com/repos/pandas-dev/pandas/issues/46269/timeline,,,
20,https://api.github.com/repos/pandas-dev/pandas/issues/46268,https://api.github.com/repos/pandas-dev/pandas,https://api.github.com/repos/pandas-dev/pandas/issues/46268/labels{/name},https://api.github.com/repos/pandas-dev/pandas/issues/46268/comments,https://api.github.com/repos/pandas-dev/pandas/issues/46268/events,https://github.com/pandas-dev/pandas/issues/46268,1162887613,I_kwDOAA0YD85FUEG9,46268,BUG: Unexpected jupyter notebook behavior when assigning an array.array variable,"{'login': 'pat-schmitt', 'id': 50843444, 'node_id': 'MDQ6VXNlcjUwODQzNDQ0', 'avatar_url': 'https://avatars.githubusercontent.com/u/50843444?v=4', 'gravatar_id': '', 'url': 'https://api.github.com/users/pat-schmitt', 'html_url': 'https://github.com/pat-schmitt', 'followers_url': 'https://api.github.com/users/pat-schmitt/followers', 'following_url': 'https://api.github.com/users/pat-schmitt/following{/other_user}', 'gists_url': 'https://api.github.com/users/pat-schmitt/gists{/gist_id}', 'starred_url': 'https://api.github.com/users/pat-schmitt/starred{/owner}{/repo}', 'subscriptions_url': 'https://api.github.com/users/pat-schmitt/subscriptions', 'organizations_url': 'https://api.github.com/users/pat-schmitt/orgs', 'repos_url': 'https://api.github.com/users/pat-schmitt/repos', 'events_url': 'https://api.github.com/users/pat-schmitt/events{/privacy}', 'received_events_url': 'https://api.github.com/users/pat-schmitt/received_events', 'type': 'User', 'site_admin': False}","[{'id': 76811, 'node_id': 'MDU6TGFiZWw3NjgxMQ==', 'url': 'https://api.github.com/repos/pandas-dev/pandas/labels/Bug', 'name': 'Bug', 'color': 'e10c02', 'default': False, 'description': None}, {'id': 1954720290, 'node_id': 'MDU6TGFiZWwxOTU0NzIwMjkw', 'url': 'https://api.github.com/repos/pandas-dev/pandas/labels/Needs%20Triage', 'name': 'Needs Triage', 'color': '0052cc', 'default': False, 'description': 'Issue that has not been reviewed by a pandas team member'}]",open,False,,[],,0,2022-03-08T16:49:56Z,2022-03-08T16:49:56Z,,NONE,,"### Pandas version checks

- [X] I have checked that this issue has not already been reported.

- [X] I have confirmed this bug exists on the [latest version](https://pandas.pydata.org/docs/whatsnew/index.html) of pandas.

- [ ] I have confirmed this bug exists on the main branch of pandas.


### Reproducible Example

```python
import pandas as pd
import numpy as np
from array import array

df = pd.DataFrame({""A"": [2,4,6,8]})

cenlon = array('d')
cenlon.append(45.345343)

# Problem
df.loc[0, 'CenLon'] = cenlon

# Solution 1
# df.loc[0, 'CenLon'] = np.array(cenlon)

# Solution 2
# df['CenLon'] = ''
# df.loc[0, 'CenLon'] = cenlon
```


### Issue Description

If the Example above is running in a jupyter notebook, the notebook gets stuck and no error message is shown. The error message only appears in the console where the jupyter notebook is running. From the notebook inside it looks like the cell is still computing. The Example also includes two solutions to it, but a decent error message still would be nice.

### Expected Behavior

It would be great if the error message would be displayed directly in the notebook or the provided datatype should be supported again.
As background info: this datatype you will get when working with geopandas (https://geopandas.org/en/stable/index.html) and shaply (https://shapely.readthedocs.io/en/stable/manual.html) and you want to extract the centre coordinates of a geometry. Further, I think this was supported in a previous pandas version as the error just appeared on an older notebook (if wanted I could try to find out up to which version or you decide it is not supported anymore then I will let shaply and geopandas know).

### Installed Versions

<details>
INSTALLED VERSIONS
------------------
commit           : 06d230151e6f18fdb8139d09abf539867a8cd481
python           : 3.9.10.final.0
python-bits      : 64
OS               : Linux
OS-release       : 5.14.0-1024-oem
Version          : #26-Ubuntu SMP Thu Feb 17 14:35:50 UTC 2022
machine          : x86_64
processor        : x86_64
byteorder        : little
LC_ALL           : None
LANG             : en_US.UTF-8
LOCALE           : en_US.UTF-8

pandas           : 1.4.1
numpy            : 1.22.3
pytz             : 2021.3
dateutil         : 2.8.2
pip              : 22.0.4
setuptools       : 59.8.0
Cython           : 0.29.28
pytest           : 7.0.1
hypothesis       : None
sphinx           : None
blosc            : None
feather          : None
xlsxwriter       : None
lxml.etree       : None
html5lib         : None
pymysql          : None
psycopg2         : None
jinja2           : 3.0.3
IPython          : 8.1.1
pandas_datareader: None
bs4              : None
bottleneck       : None
fastparquet      : None
fsspec           : 2022.02.0
gcsfs            : None
matplotlib       : 3.5.1
numba            : None
numexpr          : 2.8.0
odfpy            : None
openpyxl         : None
pandas_gbq       : None
pyarrow          : None
pyreadstat       : None
pyxlsb           : None
s3fs             : None
scipy            : 1.8.0
sqlalchemy       : None
tables           : 3.7.0
tabulate         : None
xarray           : 2022.3.0
xlrd             : None
xlwt             : None
zstandard        : None

</details>
","{'url': 'https://api.github.com/repos/pandas-dev/pandas/issues/46268/reactions', 'total_count': 0, '+1': 0, '-1': 0, 'laugh': 0, 'hooray': 0, 'confused': 0, 'heart': 0, 'rocket': 0, 'eyes': 0}",https://api.github.com/repos/pandas-dev/pandas/issues/46268/timeline,,,
21,https://api.github.com/repos/pandas-dev/pandas/issues/46267,https://api.github.com/repos/pandas-dev/pandas,https://api.github.com/repos/pandas-dev/pandas/issues/46267/labels{/name},https://api.github.com/repos/pandas-dev/pandas/issues/46267/comments,https://api.github.com/repos/pandas-dev/pandas/issues/46267/events,https://github.com/pandas-dev/pandas/issues/46267,1162623632,I_kwDOAA0YD85FTDqQ,46267,PERF: performance regression in assigning value to df[col_name],"{'login': 'Hubedge', 'id': 13092800, 'node_id': 'MDQ6VXNlcjEzMDkyODAw', 'avatar_url': 'https://avatars.githubusercontent.com/u/13092800?v=4', 'gravatar_id': '', 'url': 'https://api.github.com/users/Hubedge', 'html_url': 'https://github.com/Hubedge', 'followers_url': 'https://api.github.com/users/Hubedge/followers', 'following_url': 'https://api.github.com/users/Hubedge/following{/other_user}', 'gists_url': 'https://api.github.com/users/Hubedge/gists{/gist_id}', 'starred_url': 'https://api.github.com/users/Hubedge/starred{/owner}{/repo}', 'subscriptions_url': 'https://api.github.com/users/Hubedge/subscriptions', 'organizations_url': 'https://api.github.com/users/Hubedge/orgs', 'repos_url': 'https://api.github.com/users/Hubedge/repos', 'events_url': 'https://api.github.com/users/Hubedge/events{/privacy}', 'received_events_url': 'https://api.github.com/users/Hubedge/received_events', 'type': 'User', 'site_admin': False}","[{'id': 8935311, 'node_id': 'MDU6TGFiZWw4OTM1MzEx', 'url': 'https://api.github.com/repos/pandas-dev/pandas/labels/Performance', 'name': 'Performance', 'color': 'a10c02', 'default': False, 'description': 'Memory or execution speed performance'}, {'id': 1954720290, 'node_id': 'MDU6TGFiZWwxOTU0NzIwMjkw', 'url': 'https://api.github.com/repos/pandas-dev/pandas/labels/Needs%20Triage', 'name': 'Needs Triage', 'color': '0052cc', 'default': False, 'description': 'Issue that has not been reviewed by a pandas team member'}]",open,False,,[],,1,2022-03-08T12:55:57Z,2022-03-08T13:01:13Z,,NONE,,"### Pandas version checks

- [X] I have checked that this issue has not already been reported.

- [X] I have confirmed this issue exists on the [latest version](https://pandas.pydata.org/docs/whatsnew/index.html) of pandas.

- [ ] I have confirmed this issue exists on the main branch of pandas.


### Reproducible Example

```python
import numpy as np
import pandas as pd
from tqdm import tqdm

df = pd.DataFrame(np.random.random((5000,15000)))
df.columns = df.columns.astype(""str"")
col_0_np = df.iloc[:, 0].to_numpy()

for idx in tqdm(df.columns):
    df[idx] = col_0_np
```

```
  0%|          | 20/15000 [00:04<57:50,  4.32it/s] 
```

### Installed Versions

<details>

INSTALLED VERSIONS
------------------
commit           : 06d230151e6f18fdb8139d09abf539867a8cd481
python           : 3.8.12.final.0
python-bits      : 64
OS               : Windows
OS-release       : 10
Version          : 10.0.19041
machine          : AMD64
processor        : AMD64 Family 23 Model 113 Stepping 0, AuthenticAMD
byteorder        : little
LC_ALL           : None
LANG             : None
LOCALE           : ***

pandas           : 1.4.1
numpy            : 1.19.2
pytz             : 2021.3
dateutil         : 2.8.2
pip              : 21.2.2
setuptools       : 58.0.4
Cython           : None
pytest           : 6.2.5
hypothesis       : None
sphinx           : None
blosc            : None
feather          : None
xlsxwriter       : None
lxml.etree       : 4.8.0
html5lib         : None
pymysql          : None
psycopg2         : None
jinja2           : 3.0.2
IPython          : 7.31.1
pandas_datareader: None
bs4              : 4.8.0
bottleneck       : 1.3.2
fastparquet      : None
fsspec           : None
gcsfs            : None
matplotlib       : 3.5.1
numba            : 0.54.1
numexpr          : 2.7.3
odfpy            : None
openpyxl         : 3.0.9
pandas_gbq       : None
pyarrow          : None
pyreadstat       : None
pyxlsb           : None
s3fs             : None
scipy            : 1.6.2
sqlalchemy       : 1.4.27
tables           : 3.6.1
tabulate         : None
xarray           : None
xlrd             : 2.0.1
xlwt             : None
zstandard        : None

</details>


### Prior Performance

In `1.3.5`, the code should complete within seconds.","{'url': 'https://api.github.com/repos/pandas-dev/pandas/issues/46267/reactions', 'total_count': 0, '+1': 0, '-1': 0, 'laugh': 0, 'hooray': 0, 'confused': 0, 'heart': 0, 'rocket': 0, 'eyes': 0}",https://api.github.com/repos/pandas-dev/pandas/issues/46267/timeline,,,
22,https://api.github.com/repos/pandas-dev/pandas/issues/46266,https://api.github.com/repos/pandas-dev/pandas,https://api.github.com/repos/pandas-dev/pandas/issues/46266/labels{/name},https://api.github.com/repos/pandas-dev/pandas/issues/46266/comments,https://api.github.com/repos/pandas-dev/pandas/issues/46266/events,https://github.com/pandas-dev/pandas/pull/46266,1162424228,PR_kwDOAA0YD840F_ot,46266,REF: simplify reindexing in _align_series(),"{'login': 'johannes-mueller', 'id': 5902745, 'node_id': 'MDQ6VXNlcjU5MDI3NDU=', 'avatar_url': 'https://avatars.githubusercontent.com/u/5902745?v=4', 'gravatar_id': '', 'url': 'https://api.github.com/users/johannes-mueller', 'html_url': 'https://github.com/johannes-mueller', 'followers_url': 'https://api.github.com/users/johannes-mueller/followers', 'following_url': 'https://api.github.com/users/johannes-mueller/following{/other_user}', 'gists_url': 'https://api.github.com/users/johannes-mueller/gists{/gist_id}', 'starred_url': 'https://api.github.com/users/johannes-mueller/starred{/owner}{/repo}', 'subscriptions_url': 'https://api.github.com/users/johannes-mueller/subscriptions', 'organizations_url': 'https://api.github.com/users/johannes-mueller/orgs', 'repos_url': 'https://api.github.com/users/johannes-mueller/repos', 'events_url': 'https://api.github.com/users/johannes-mueller/events{/privacy}', 'received_events_url': 'https://api.github.com/users/johannes-mueller/received_events', 'type': 'User', 'site_admin': False}",[],open,False,,[],,0,2022-03-08T09:31:17Z,2022-03-09T09:40:34Z,,CONTRIBUTOR,,"Follow-up to #46058
","{'url': 'https://api.github.com/repos/pandas-dev/pandas/issues/46266/reactions', 'total_count': 0, '+1': 0, '-1': 0, 'laugh': 0, 'hooray': 0, 'confused': 0, 'heart': 0, 'rocket': 0, 'eyes': 0}",https://api.github.com/repos/pandas-dev/pandas/issues/46266/timeline,,False,"{'url': 'https://api.github.com/repos/pandas-dev/pandas/pulls/46266', 'html_url': 'https://github.com/pandas-dev/pandas/pull/46266', 'diff_url': 'https://github.com/pandas-dev/pandas/pull/46266.diff', 'patch_url': 'https://github.com/pandas-dev/pandas/pull/46266.patch', 'merged_at': None}"
23,https://api.github.com/repos/pandas-dev/pandas/issues/46265,https://api.github.com/repos/pandas-dev/pandas,https://api.github.com/repos/pandas-dev/pandas/issues/46265/labels{/name},https://api.github.com/repos/pandas-dev/pandas/issues/46265/comments,https://api.github.com/repos/pandas-dev/pandas/issues/46265/events,https://github.com/pandas-dev/pandas/pull/46265,1162327212,PR_kwDOAA0YD840FrZD,46265,BUG: fix rolling with centering and axis=1 (#46135),"{'login': 'jyuv', 'id': 45140931, 'node_id': 'MDQ6VXNlcjQ1MTQwOTMx', 'avatar_url': 'https://avatars.githubusercontent.com/u/45140931?v=4', 'gravatar_id': '', 'url': 'https://api.github.com/users/jyuv', 'html_url': 'https://github.com/jyuv', 'followers_url': 'https://api.github.com/users/jyuv/followers', 'following_url': 'https://api.github.com/users/jyuv/following{/other_user}', 'gists_url': 'https://api.github.com/users/jyuv/gists{/gist_id}', 'starred_url': 'https://api.github.com/users/jyuv/starred{/owner}{/repo}', 'subscriptions_url': 'https://api.github.com/users/jyuv/subscriptions', 'organizations_url': 'https://api.github.com/users/jyuv/orgs', 'repos_url': 'https://api.github.com/users/jyuv/repos', 'events_url': 'https://api.github.com/users/jyuv/events{/privacy}', 'received_events_url': 'https://api.github.com/users/jyuv/received_events', 'type': 'User', 'site_admin': False}",[],open,False,,[],,0,2022-03-08T07:45:07Z,2022-03-08T08:23:16Z,,NONE,,"- [ ] closes #46135
- [x] [Tests added and passed](https://pandas.pydata.org/pandas-docs/dev/development/contributing_codebase.html#writing-tests) if fixing a bug or adding a new feature
- [ ] All [code checks passed](https://pandas.pydata.org/pandas-docs/dev/development/contributing_codebase.html#pre-commit).
- [x] Added an entry in the latest `doc/source/whatsnew/vX.X.X.rst` file if fixing a bug or adding a new feature.
","{'url': 'https://api.github.com/repos/pandas-dev/pandas/issues/46265/reactions', 'total_count': 0, '+1': 0, '-1': 0, 'laugh': 0, 'hooray': 0, 'confused': 0, 'heart': 0, 'rocket': 0, 'eyes': 0}",https://api.github.com/repos/pandas-dev/pandas/issues/46265/timeline,,False,"{'url': 'https://api.github.com/repos/pandas-dev/pandas/pulls/46265', 'html_url': 'https://github.com/pandas-dev/pandas/pull/46265', 'diff_url': 'https://github.com/pandas-dev/pandas/pull/46265.diff', 'patch_url': 'https://github.com/pandas-dev/pandas/pull/46265.patch', 'merged_at': None}"
24,https://api.github.com/repos/pandas-dev/pandas/issues/46264,https://api.github.com/repos/pandas-dev/pandas,https://api.github.com/repos/pandas-dev/pandas/issues/46264/labels{/name},https://api.github.com/repos/pandas-dev/pandas/issues/46264/comments,https://api.github.com/repos/pandas-dev/pandas/issues/46264/events,https://github.com/pandas-dev/pandas/issues/46264,1162166509,I_kwDOAA0YD85FRUDt,46264,BUG: read_query ignores the DB API column type for coercing non-datatime objects leading to inconsistent behavior,"{'login': 'john-bodley', 'id': 4567245, 'node_id': 'MDQ6VXNlcjQ1NjcyNDU=', 'avatar_url': 'https://avatars.githubusercontent.com/u/4567245?v=4', 'gravatar_id': '', 'url': 'https://api.github.com/users/john-bodley', 'html_url': 'https://github.com/john-bodley', 'followers_url': 'https://api.github.com/users/john-bodley/followers', 'following_url': 'https://api.github.com/users/john-bodley/following{/other_user}', 'gists_url': 'https://api.github.com/users/john-bodley/gists{/gist_id}', 'starred_url': 'https://api.github.com/users/john-bodley/starred{/owner}{/repo}', 'subscriptions_url': 'https://api.github.com/users/john-bodley/subscriptions', 'organizations_url': 'https://api.github.com/users/john-bodley/orgs', 'repos_url': 'https://api.github.com/users/john-bodley/repos', 'events_url': 'https://api.github.com/users/john-bodley/events{/privacy}', 'received_events_url': 'https://api.github.com/users/john-bodley/received_events', 'type': 'User', 'site_admin': False}","[{'id': 76811, 'node_id': 'MDU6TGFiZWw3NjgxMQ==', 'url': 'https://api.github.com/repos/pandas-dev/pandas/labels/Bug', 'name': 'Bug', 'color': 'e10c02', 'default': False, 'description': None}, {'id': 1954720290, 'node_id': 'MDU6TGFiZWwxOTU0NzIwMjkw', 'url': 'https://api.github.com/repos/pandas-dev/pandas/labels/Needs%20Triage', 'name': 'Needs Triage', 'color': '0052cc', 'default': False, 'description': 'Issue that has not been reviewed by a pandas team member'}]",open,False,,[],,1,2022-03-08T03:11:57Z,2022-03-08T06:00:48Z,,CONTRIBUTOR,,"### Pandas version checks

- [X] I have checked that this issue has not already been reported.

- [X] I have confirmed this bug exists on the [latest version](https://pandas.pydata.org/docs/whatsnew/index.html) of pandas.

- [X] I have confirmed this bug exists on the main branch of pandas.


### Reproducible Example

```python
import pandas as pd 
from sqlalchemy import create_engine

pd.read_sql_query(
    sql=""SELECT TIMESTAMP('2022-01-01 00:00:00') AS ts"", 
    con=create_engine(""mysql://root@localhost:3360""),
).to_json()

pd.read_sql_query(
    sql=""SELECT TIMESTAMP '2022-01-01 00:00:00' AS ts"", 
    con=create_engine(""trino://localhost:8080""),
).to_json()
```

outputs `{""ts"":{""0"":1640995200000}}` (which infers UTC per the EPOCH definition) and `{""ts"":{""0"":""2022-01-01 00:00:00.000""}}` (which is in the local timezone) respectively.

### Issue Description

Thought the [read_query](https://github.com/pandas-dev/pandas/blob/d0cf9b5f419d4a3f0dc92a3af3a592f8bbf0bd15/pandas/io/sql.py#L2040-L2077) method has the explicit functionality to coerce non-datetime columns to read as such (via the `parse_date` argument) it seems to ignore the implicit `type_code` per the [DB API](https://www.python.org/dev/peps/pep-0249/) which is returned by the cursor object's description attribute, i.e., it only relies on the name per [here](https://github.com/pandas-dev/pandas/blob/d0cf9b5f419d4a3f0dc92a3af3a592f8bbf0bd15/pandas/io/sql.py#L2053).

There seems to be merit in implicit trying to coerce these non-datetime temporal columns to datetime objects for consistency—the `dateutil.parser.parse` function could provide a blanket approach irrespective of `type_code` (if it is non-standard). The alternatives are to try to ensure all underlying DB APIs conform (difficult) or attempting to use the `parse_date` argument which is also difficult given that the DB API column types are not known a prori. 

### Expected Behavior

The `read_query` method should be more consistent with regards to the return types when reading temporal SQL fields into a DataFrame.

### Installed Versions

<details>
INSTALLED VERSIONS
------------------
commit           : 945c9ed766a61c7d2c0a7cbb251b6edebf9cb7d5
python           : 3.8.6.final.0
python-bits      : 64
OS               : Darwin
OS-release       : 21.3.0
Version          : Darwin Kernel Version 21.3.0: Wed Jan  5 21:37:58 PST 2022; root:xnu-8019.80.24~20/RELEASE_X86_64
machine          : x86_64
processor        : i386
byteorder        : little
LC_ALL           : None
LANG             : en_US.UTF-8
LOCALE           : en_US.UTF-8

pandas           : 1.3.4
numpy            : 1.21.1
pytz             : 2021.1
dateutil         : 2.8.2
pip              : 21.2.1
setuptools       : 49.2.1
Cython           : None
pytest           : 6.1.2
hypothesis       : None
sphinx           : None
blosc            : None
feather          : None
xlsxwriter       : None
lxml.etree       : None
html5lib         : None
pymysql          : None
psycopg2         : 2.8.5 (dt dec pq3 ext lo64)
jinja2           : 2.11.3
IPython          : 7.16.1
pandas_datareader: None
bs4              : None
bottleneck       : None
fsspec           : None
fastparquet      : None
gcsfs            : None
matplotlib       : None
numexpr          : None
odfpy            : None
openpyxl         : 3.0.5
pandas_gbq       : None
pyarrow          : 5.0.0
pyxlsb           : None
s3fs             : None
scipy            : None
sqlalchemy       : 1.3.24
tables           : None
tabulate         : 0.8.9
xarray           : None
xlrd             : 1.2.0
xlwt             : None
numba            : None
</details>
","{'url': 'https://api.github.com/repos/pandas-dev/pandas/issues/46264/reactions', 'total_count': 0, '+1': 0, '-1': 0, 'laugh': 0, 'hooray': 0, 'confused': 0, 'heart': 0, 'rocket': 0, 'eyes': 0}",https://api.github.com/repos/pandas-dev/pandas/issues/46264/timeline,,,
25,https://api.github.com/repos/pandas-dev/pandas/issues/46262,https://api.github.com/repos/pandas-dev/pandas,https://api.github.com/repos/pandas-dev/pandas/issues/46262/labels{/name},https://api.github.com/repos/pandas-dev/pandas/issues/46262/comments,https://api.github.com/repos/pandas-dev/pandas/issues/46262/events,https://github.com/pandas-dev/pandas/pull/46262,1162149498,PR_kwDOAA0YD840FGkS,46262,TYP: add type annotation to DataFrame.to_pickle,"{'login': 'Moisan', 'id': 31669, 'node_id': 'MDQ6VXNlcjMxNjY5', 'avatar_url': 'https://avatars.githubusercontent.com/u/31669?v=4', 'gravatar_id': '', 'url': 'https://api.github.com/users/Moisan', 'html_url': 'https://github.com/Moisan', 'followers_url': 'https://api.github.com/users/Moisan/followers', 'following_url': 'https://api.github.com/users/Moisan/following{/other_user}', 'gists_url': 'https://api.github.com/users/Moisan/gists{/gist_id}', 'starred_url': 'https://api.github.com/users/Moisan/starred{/owner}{/repo}', 'subscriptions_url': 'https://api.github.com/users/Moisan/subscriptions', 'organizations_url': 'https://api.github.com/users/Moisan/orgs', 'repos_url': 'https://api.github.com/users/Moisan/repos', 'events_url': 'https://api.github.com/users/Moisan/events{/privacy}', 'received_events_url': 'https://api.github.com/users/Moisan/received_events', 'type': 'User', 'site_admin': False}",[],open,False,,[],,0,2022-03-08T02:37:34Z,2022-03-08T18:51:55Z,,CONTRIBUTOR,,"- [x] closes #46081
- [ ] [Tests added and passed](https://pandas.pydata.org/pandas-docs/dev/development/contributing_codebase.html#writing-tests) if fixing a bug or adding a new feature
- [x] All [code checks passed](https://pandas.pydata.org/pandas-docs/dev/development/contributing_codebase.html#pre-commit).
- [ ] Added an entry in the latest `doc/source/whatsnew/vX.X.X.rst` file if fixing a bug or adding a new feature.
","{'url': 'https://api.github.com/repos/pandas-dev/pandas/issues/46262/reactions', 'total_count': 0, '+1': 0, '-1': 0, 'laugh': 0, 'hooray': 0, 'confused': 0, 'heart': 0, 'rocket': 0, 'eyes': 0}",https://api.github.com/repos/pandas-dev/pandas/issues/46262/timeline,,False,"{'url': 'https://api.github.com/repos/pandas-dev/pandas/pulls/46262', 'html_url': 'https://github.com/pandas-dev/pandas/pull/46262', 'diff_url': 'https://github.com/pandas-dev/pandas/pull/46262.diff', 'patch_url': 'https://github.com/pandas-dev/pandas/pull/46262.patch', 'merged_at': None}"
26,https://api.github.com/repos/pandas-dev/pandas/issues/46261,https://api.github.com/repos/pandas-dev/pandas,https://api.github.com/repos/pandas-dev/pandas/issues/46261/labels{/name},https://api.github.com/repos/pandas-dev/pandas/issues/46261/comments,https://api.github.com/repos/pandas-dev/pandas/issues/46261/events,https://github.com/pandas-dev/pandas/pull/46261,1162133799,PR_kwDOAA0YD840FDXF,46261,TST: merge high_memory mark with single_cpu,"{'login': 'mroeschke', 'id': 10647082, 'node_id': 'MDQ6VXNlcjEwNjQ3MDgy', 'avatar_url': 'https://avatars.githubusercontent.com/u/10647082?v=4', 'gravatar_id': '', 'url': 'https://api.github.com/users/mroeschke', 'html_url': 'https://github.com/mroeschke', 'followers_url': 'https://api.github.com/users/mroeschke/followers', 'following_url': 'https://api.github.com/users/mroeschke/following{/other_user}', 'gists_url': 'https://api.github.com/users/mroeschke/gists{/gist_id}', 'starred_url': 'https://api.github.com/users/mroeschke/starred{/owner}{/repo}', 'subscriptions_url': 'https://api.github.com/users/mroeschke/subscriptions', 'organizations_url': 'https://api.github.com/users/mroeschke/orgs', 'repos_url': 'https://api.github.com/users/mroeschke/repos', 'events_url': 'https://api.github.com/users/mroeschke/events{/privacy}', 'received_events_url': 'https://api.github.com/users/mroeschke/received_events', 'type': 'User', 'site_admin': False}","[{'id': 127685, 'node_id': 'MDU6TGFiZWwxMjc2ODU=', 'url': 'https://api.github.com/repos/pandas-dev/pandas/labels/Testing', 'name': 'Testing', 'color': 'C4A000', 'default': False, 'description': 'pandas testing functions or related to the test suite'}]",open,False,,[],,0,2022-03-08T02:08:20Z,2022-03-08T17:48:39Z,,MEMBER,,"- [ ] [Tests added and passed](https://pandas.pydata.org/pandas-docs/dev/development/contributing_codebase.html#writing-tests) if fixing a bug or adding a new feature
- [x] All [code checks passed](https://pandas.pydata.org/pandas-docs/dev/development/contributing_codebase.html#pre-commit).

3/4 tests that were using `@pytest.mark.high_memory` were already using `@pytest.mark.single_cpu`, so may as well combine them.
","{'url': 'https://api.github.com/repos/pandas-dev/pandas/issues/46261/reactions', 'total_count': 0, '+1': 0, '-1': 0, 'laugh': 0, 'hooray': 0, 'confused': 0, 'heart': 0, 'rocket': 0, 'eyes': 0}",https://api.github.com/repos/pandas-dev/pandas/issues/46261/timeline,,False,"{'url': 'https://api.github.com/repos/pandas-dev/pandas/pulls/46261', 'html_url': 'https://github.com/pandas-dev/pandas/pull/46261', 'diff_url': 'https://github.com/pandas-dev/pandas/pull/46261.diff', 'patch_url': 'https://github.com/pandas-dev/pandas/pull/46261.patch', 'merged_at': None}"
27,https://api.github.com/repos/pandas-dev/pandas/issues/46260,https://api.github.com/repos/pandas-dev/pandas,https://api.github.com/repos/pandas-dev/pandas/issues/46260/labels{/name},https://api.github.com/repos/pandas-dev/pandas/issues/46260/comments,https://api.github.com/repos/pandas-dev/pandas/issues/46260/events,https://github.com/pandas-dev/pandas/pull/46260,1162124965,PR_kwDOAA0YD840FBj-,46260,CI: Add missing dependencies for skipped tests,"{'login': 'mroeschke', 'id': 10647082, 'node_id': 'MDQ6VXNlcjEwNjQ3MDgy', 'avatar_url': 'https://avatars.githubusercontent.com/u/10647082?v=4', 'gravatar_id': '', 'url': 'https://api.github.com/users/mroeschke', 'html_url': 'https://github.com/mroeschke', 'followers_url': 'https://api.github.com/users/mroeschke/followers', 'following_url': 'https://api.github.com/users/mroeschke/following{/other_user}', 'gists_url': 'https://api.github.com/users/mroeschke/gists{/gist_id}', 'starred_url': 'https://api.github.com/users/mroeschke/starred{/owner}{/repo}', 'subscriptions_url': 'https://api.github.com/users/mroeschke/subscriptions', 'organizations_url': 'https://api.github.com/users/mroeschke/orgs', 'repos_url': 'https://api.github.com/users/mroeschke/repos', 'events_url': 'https://api.github.com/users/mroeschke/events{/privacy}', 'received_events_url': 'https://api.github.com/users/mroeschke/received_events', 'type': 'User', 'site_admin': False}","[{'id': 48070600, 'node_id': 'MDU6TGFiZWw0ODA3MDYwMA==', 'url': 'https://api.github.com/repos/pandas-dev/pandas/labels/CI', 'name': 'CI', 'color': 'a2bca7', 'default': False, 'description': 'Continuous Integration'}]",open,False,,[],"{'url': 'https://api.github.com/repos/pandas-dev/pandas/milestones/92', 'html_url': 'https://github.com/pandas-dev/pandas/milestone/92', 'labels_url': 'https://api.github.com/repos/pandas-dev/pandas/milestones/92/labels', 'id': 7530006, 'node_id': 'MI_kwDOAA0YD84AcuYW', 'number': 92, 'title': '1.5', 'description': '', 'creator': {'login': 'jreback', 'id': 953992, 'node_id': 'MDQ6VXNlcjk1Mzk5Mg==', 'avatar_url': 'https://avatars.githubusercontent.com/u/953992?v=4', 'gravatar_id': '', 'url': 'https://api.github.com/users/jreback', 'html_url': 'https://github.com/jreback', 'followers_url': 'https://api.github.com/users/jreback/followers', 'following_url': 'https://api.github.com/users/jreback/following{/other_user}', 'gists_url': 'https://api.github.com/users/jreback/gists{/gist_id}', 'starred_url': 'https://api.github.com/users/jreback/starred{/owner}{/repo}', 'subscriptions_url': 'https://api.github.com/users/jreback/subscriptions', 'organizations_url': 'https://api.github.com/users/jreback/orgs', 'repos_url': 'https://api.github.com/users/jreback/repos', 'events_url': 'https://api.github.com/users/jreback/events{/privacy}', 'received_events_url': 'https://api.github.com/users/jreback/received_events', 'type': 'User', 'site_admin': False}, 'open_issues': 47, 'closed_issues': 468, 'state': 'open', 'created_at': '2021-12-31T21:51:13Z', 'updated_at': '2022-03-09T02:19:36Z', 'due_on': '2022-06-30T07:00:00Z', 'closed_at': None}",0,2022-03-08T01:51:26Z,2022-03-08T17:51:12Z,,MEMBER,,"- [ ] [Tests added and passed](https://pandas.pydata.org/pandas-docs/dev/development/contributing_codebase.html#writing-tests) if fixing a bug or adding a new feature
- [x] All [code checks passed](https://pandas.pydata.org/pandas-docs/dev/development/contributing_codebase.html#pre-commit).
","{'url': 'https://api.github.com/repos/pandas-dev/pandas/issues/46260/reactions', 'total_count': 0, '+1': 0, '-1': 0, 'laugh': 0, 'hooray': 0, 'confused': 0, 'heart': 0, 'rocket': 0, 'eyes': 0}",https://api.github.com/repos/pandas-dev/pandas/issues/46260/timeline,,False,"{'url': 'https://api.github.com/repos/pandas-dev/pandas/pulls/46260', 'html_url': 'https://github.com/pandas-dev/pandas/pull/46260', 'diff_url': 'https://github.com/pandas-dev/pandas/pull/46260.diff', 'patch_url': 'https://github.com/pandas-dev/pandas/pull/46260.patch', 'merged_at': None}"
28,https://api.github.com/repos/pandas-dev/pandas/issues/46259,https://api.github.com/repos/pandas-dev/pandas,https://api.github.com/repos/pandas-dev/pandas/issues/46259/labels{/name},https://api.github.com/repos/pandas-dev/pandas/issues/46259/comments,https://api.github.com/repos/pandas-dev/pandas/issues/46259/events,https://github.com/pandas-dev/pandas/pull/46259,1162093330,PR_kwDOAA0YD840E7Kr,46259,REF: use standard patterns in tslibs,"{'login': 'jbrockmendel', 'id': 8078968, 'node_id': 'MDQ6VXNlcjgwNzg5Njg=', 'avatar_url': 'https://avatars.githubusercontent.com/u/8078968?v=4', 'gravatar_id': '', 'url': 'https://api.github.com/users/jbrockmendel', 'html_url': 'https://github.com/jbrockmendel', 'followers_url': 'https://api.github.com/users/jbrockmendel/followers', 'following_url': 'https://api.github.com/users/jbrockmendel/following{/other_user}', 'gists_url': 'https://api.github.com/users/jbrockmendel/gists{/gist_id}', 'starred_url': 'https://api.github.com/users/jbrockmendel/starred{/owner}{/repo}', 'subscriptions_url': 'https://api.github.com/users/jbrockmendel/subscriptions', 'organizations_url': 'https://api.github.com/users/jbrockmendel/orgs', 'repos_url': 'https://api.github.com/users/jbrockmendel/repos', 'events_url': 'https://api.github.com/users/jbrockmendel/events{/privacy}', 'received_events_url': 'https://api.github.com/users/jbrockmendel/received_events', 'type': 'User', 'site_admin': False}","[{'id': 127681, 'node_id': 'MDU6TGFiZWwxMjc2ODE=', 'url': 'https://api.github.com/repos/pandas-dev/pandas/labels/Refactor', 'name': 'Refactor', 'color': 'FCE94F', 'default': False, 'description': 'Internal refactoring of code'}, {'id': 60458168, 'node_id': 'MDU6TGFiZWw2MDQ1ODE2OA==', 'url': 'https://api.github.com/repos/pandas-dev/pandas/labels/Timezones', 'name': 'Timezones', 'color': '5319e7', 'default': False, 'description': 'Timezone data dtype'}]",open,False,,[],"{'url': 'https://api.github.com/repos/pandas-dev/pandas/milestones/92', 'html_url': 'https://github.com/pandas-dev/pandas/milestone/92', 'labels_url': 'https://api.github.com/repos/pandas-dev/pandas/milestones/92/labels', 'id': 7530006, 'node_id': 'MI_kwDOAA0YD84AcuYW', 'number': 92, 'title': '1.5', 'description': '', 'creator': {'login': 'jreback', 'id': 953992, 'node_id': 'MDQ6VXNlcjk1Mzk5Mg==', 'avatar_url': 'https://avatars.githubusercontent.com/u/953992?v=4', 'gravatar_id': '', 'url': 'https://api.github.com/users/jreback', 'html_url': 'https://github.com/jreback', 'followers_url': 'https://api.github.com/users/jreback/followers', 'following_url': 'https://api.github.com/users/jreback/following{/other_user}', 'gists_url': 'https://api.github.com/users/jreback/gists{/gist_id}', 'starred_url': 'https://api.github.com/users/jreback/starred{/owner}{/repo}', 'subscriptions_url': 'https://api.github.com/users/jreback/subscriptions', 'organizations_url': 'https://api.github.com/users/jreback/orgs', 'repos_url': 'https://api.github.com/users/jreback/repos', 'events_url': 'https://api.github.com/users/jreback/events{/privacy}', 'received_events_url': 'https://api.github.com/users/jreback/received_events', 'type': 'User', 'site_admin': False}, 'open_issues': 47, 'closed_issues': 468, 'state': 'open', 'created_at': '2021-12-31T21:51:13Z', 'updated_at': '2022-03-09T02:19:36Z', 'due_on': '2022-06-30T07:00:00Z', 'closed_at': None}",0,2022-03-08T00:51:11Z,2022-03-08T04:34:36Z,,MEMBER,,"- [ ] closes #xxxx (Replace xxxx with the Github issue number)
- [ ] [Tests added and passed](https://pandas.pydata.org/pandas-docs/dev/development/contributing_codebase.html#writing-tests) if fixing a bug or adding a new feature
- [ ] All [code checks passed](https://pandas.pydata.org/pandas-docs/dev/development/contributing_codebase.html#pre-commit).
- [ ] Added an entry in the latest `doc/source/whatsnew/vX.X.X.rst` file if fixing a bug or adding a new feature.

Some cleanups I noticed while implementing #46246.","{'url': 'https://api.github.com/repos/pandas-dev/pandas/issues/46259/reactions', 'total_count': 0, '+1': 0, '-1': 0, 'laugh': 0, 'hooray': 0, 'confused': 0, 'heart': 0, 'rocket': 0, 'eyes': 0}",https://api.github.com/repos/pandas-dev/pandas/issues/46259/timeline,,False,"{'url': 'https://api.github.com/repos/pandas-dev/pandas/pulls/46259', 'html_url': 'https://github.com/pandas-dev/pandas/pull/46259', 'diff_url': 'https://github.com/pandas-dev/pandas/pull/46259.diff', 'patch_url': 'https://github.com/pandas-dev/pandas/pull/46259.patch', 'merged_at': None}"
29,https://api.github.com/repos/pandas-dev/pandas/issues/46258,https://api.github.com/repos/pandas-dev/pandas,https://api.github.com/repos/pandas-dev/pandas/issues/46258/labels{/name},https://api.github.com/repos/pandas-dev/pandas/issues/46258/comments,https://api.github.com/repos/pandas-dev/pandas/issues/46258/events,https://github.com/pandas-dev/pandas/pull/46258,1162090061,PR_kwDOAA0YD840E6ev,46258,REF: Refactor GroupBy a tiny bit,"{'login': 'NickCrews', 'id': 10820686, 'node_id': 'MDQ6VXNlcjEwODIwNjg2', 'avatar_url': 'https://avatars.githubusercontent.com/u/10820686?v=4', 'gravatar_id': '', 'url': 'https://api.github.com/users/NickCrews', 'html_url': 'https://github.com/NickCrews', 'followers_url': 'https://api.github.com/users/NickCrews/followers', 'following_url': 'https://api.github.com/users/NickCrews/following{/other_user}', 'gists_url': 'https://api.github.com/users/NickCrews/gists{/gist_id}', 'starred_url': 'https://api.github.com/users/NickCrews/starred{/owner}{/repo}', 'subscriptions_url': 'https://api.github.com/users/NickCrews/subscriptions', 'organizations_url': 'https://api.github.com/users/NickCrews/orgs', 'repos_url': 'https://api.github.com/users/NickCrews/repos', 'events_url': 'https://api.github.com/users/NickCrews/events{/privacy}', 'received_events_url': 'https://api.github.com/users/NickCrews/received_events', 'type': 'User', 'site_admin': False}",[],open,False,,[],,1,2022-03-08T00:45:40Z,2022-03-08T16:56:24Z,,CONTRIBUTOR,,"- [NA, small] closes #xxxx (Replace xxxx with the Github issue number)
- [waiting for review] [Tests added and passed](https://pandas.pydata.org/pandas-docs/dev/development/contributing_codebase.html#writing-tests) if fixing a bug or adding a new feature
- [ ] All [code checks passed](https://pandas.pydata.org/pandas-docs/dev/development/contributing_codebase.html#pre-commit).
- [waiting for review] Added an entry in the latest `doc/source/whatsnew/vX.X.X.rst` file if fixing a bug or adding a new feature.
","{'url': 'https://api.github.com/repos/pandas-dev/pandas/issues/46258/reactions', 'total_count': 0, '+1': 0, '-1': 0, 'laugh': 0, 'hooray': 0, 'confused': 0, 'heart': 0, 'rocket': 0, 'eyes': 0}",https://api.github.com/repos/pandas-dev/pandas/issues/46258/timeline,,False,"{'url': 'https://api.github.com/repos/pandas-dev/pandas/pulls/46258', 'html_url': 'https://github.com/pandas-dev/pandas/pull/46258', 'diff_url': 'https://github.com/pandas-dev/pandas/pull/46258.diff', 'patch_url': 'https://github.com/pandas-dev/pandas/pull/46258.patch', 'merged_at': None}"
